metric,direction,baseline_method,treatment_method,n,mean_difference,median_difference,standardized_paired_effect,cliffs_delta,permutation_p_value,pairing_unit,holm_adjusted_p_value_within_metric_family
hypervolume_at_0_negative_40,higher-is-better,random,sobol,5,198.01062620642477,-70.02218911601085,0.06288931220355987,0.12,1.0,seed,1.0
hypervolume_at_0_negative_40,higher-is-better,random,bo_qlognei_throughput,5,2825.399517603022,2930.5630196472994,1.2107756902803635,0.76,0.0625,seed,0.625
hypervolume_at_0_negative_40,higher-is-better,random,bo_qlognparego_multiobjective,5,3115.159761348304,2869.688664684996,1.211775313614302,0.84,0.0625,seed,0.625
hypervolume_at_0_negative_40,higher-is-better,random,bo_qlognehvi_multiobjective,5,2094.4275339286164,902.7256260561844,0.8678316453447985,0.68,0.0625,seed,0.625
hypervolume_at_0_negative_40,higher-is-better,sobol,bo_qlognei_throughput,5,2627.3888913965975,2204.7586151412106,1.7058147807200827,1.0,0.0625,seed,0.625
hypervolume_at_0_negative_40,higher-is-better,sobol,bo_qlognparego_multiobjective,5,2917.1491351418795,2940.966446591032,4.381965109764752,1.0,0.0625,seed,0.625
hypervolume_at_0_negative_40,higher-is-better,sobol,bo_qlognehvi_multiobjective,5,1896.4169077221916,2206.2526641812074,1.0846891201461242,0.76,0.0625,seed,0.625
hypervolume_at_0_negative_40,higher-is-better,bo_qlognei_throughput,bo_qlognparego_multiobjective,5,289.7602437452821,736.2078314498212,0.2475211011823091,0.2,0.625,seed,1.0
hypervolume_at_0_negative_40,higher-is-better,bo_qlognei_throughput,bo_qlognehvi_multiobjective,5,-730.9719836744058,1.494049039996753,-0.33989528774125893,-0.2,0.75,seed,1.0
hypervolume_at_0_negative_40,higher-is-better,bo_qlognparego_multiobjective,bo_qlognehvi_multiobjective,5,-1020.7322274196879,-734.7137824098245,-0.7956272306184539,-0.44,0.1875,seed,0.75
best_throughput_tps,higher-is-better,random,sobol,5,45.69422740000009,64.76870300000019,0.8868598908831175,0.52,0.25,seed,1.0
best_throughput_tps,higher-is-better,random,bo_qlognei_throughput,5,55.60570280000011,53.06642800000009,1.5752083365545357,0.68,0.0625,seed,0.625
best_throughput_tps,higher-is-better,random,bo_qlognparego_multiobjective,5,60.2999772000001,46.56982100000005,1.5616524909309522,0.68,0.0625,seed,0.625
best_throughput_tps,higher-is-better,random,bo_qlognehvi_multiobjective,5,49.76271120000001,27.89693699999998,1.2863851560911226,0.68,0.0625,seed,0.625
best_throughput_tps,higher-is-better,sobol,bo_qlognei_throughput,5,9.911475400000018,5.115861000000223,0.24805022645716598,0.04,0.625,seed,1.0
best_throughput_tps,higher-is-better,sobol,bo_qlognparego_multiobjective,5,14.605749800000012,18.93630200000007,0.4597458751676087,0.12,0.4375,seed,1.0
best_throughput_tps,higher-is-better,sobol,bo_qlognehvi_multiobjective,5,4.068483799999922,8.598055999999815,0.13255197583937595,0.04,0.8125,seed,1.0
best_throughput_tps,higher-is-better,bo_qlognei_throughput,bo_qlognparego_multiobjective,5,4.694274399999995,0.0,0.4305685004430492,0.08,0.5,seed,1.0
best_throughput_tps,higher-is-better,bo_qlognei_throughput,bo_qlognehvi_multiobjective,5,-5.842991600000095,0.0,-0.3384040946058335,-0.2,0.75,seed,1.0
best_throughput_tps,higher-is-better,bo_qlognparego_multiobjective,bo_qlognehvi_multiobjective,5,-10.537266000000091,-18.507026000000224,-0.6298743187032673,-0.32,0.25,seed,1.0
minimum_p99_ms,lower-is-better,random,sobol,5,0.12546200000001093,-0.012999999999998124,0.1377845146763277,0.12,1.0,seed,1.0
minimum_p99_ms,lower-is-better,random,bo_qlognei_throughput,5,-0.6859659999999685,-0.6891899999999431,-1.0628860672652838,-0.6,0.125,seed,0.875
minimum_p99_ms,lower-is-better,random,bo_qlognparego_multiobjective,5,-0.7598799999999819,-0.7360000000000007,-1.0744900970913371,-0.84,0.0625,seed,0.625
minimum_p99_ms,lower-is-better,random,bo_qlognehvi_multiobjective,5,-0.4739839999999852,-0.17361999999988242,-0.7414343493352664,-0.44,0.25,seed,1.0
minimum_p99_ms,lower-is-better,sobol,bo_qlognei_throughput,5,-0.8114279999999795,-0.9137900000000378,-1.9875152841817456,-1.0,0.0625,seed,0.625
minimum_p99_ms,lower-is-better,sobol,bo_qlognparego_multiobjective,5,-0.8853419999999929,-1.0484399999999425,-3.5484258741763615,-1.0,0.0625,seed,0.625
minimum_p99_ms,lower-is-better,sobol,bo_qlognehvi_multiobjective,5,-0.5994459999999961,-0.9137900000000378,-1.0468266375360813,-0.76,0.1875,seed,1.0
minimum_p99_ms,lower-is-better,bo_qlognei_throughput,bo_qlognparego_multiobjective,5,-0.0739140000000134,-0.15489999999990545,-0.20507619837748275,-0.2,0.75,seed,1.0
minimum_p99_ms,lower-is-better,bo_qlognei_throughput,bo_qlognehvi_multiobjective,5,0.21198199999998338,0.0,0.3389468975666884,0.4,0.75,seed,1.0
minimum_p99_ms,lower-is-better,bo_qlognparego_multiobjective,bo_qlognehvi_multiobjective,5,0.28589599999999676,0.15489999999990545,0.8080723150445104,0.52,0.1875,seed,1.0
mean_control_relative_tps,higher-is-better,random,sobol,5,0.009087650465791564,0.005284185438025155,0.6206222817583097,0.36,0.375,seed,0.75
mean_control_relative_tps,higher-is-better,random,bo_qlognei_throughput,5,0.08055236004646249,0.07725330798059735,5.412880407482786,1.0,0.0625,seed,0.625
mean_control_relative_tps,higher-is-better,random,bo_qlognparego_multiobjective,5,0.08050351127319354,0.07905423025073254,4.726845422052453,1.0,0.0625,seed,0.625
mean_control_relative_tps,higher-is-better,random,bo_qlognehvi_multiobjective,5,0.07376641348306283,0.07172673154205828,5.620478441301157,1.0,0.0625,seed,0.625
mean_control_relative_tps,higher-is-better,sobol,bo_qlognei_throughput,5,0.07146470958067093,0.07196912254257219,29.479263659162033,1.0,0.0625,seed,0.625
mean_control_relative_tps,higher-is-better,sobol,bo_qlognparego_multiobjective,5,0.07141586080740198,0.07377004481270738,13.326551362102677,1.0,0.0625,seed,0.625
mean_control_relative_tps,higher-is-better,sobol,bo_qlognehvi_multiobjective,5,0.06467876301727127,0.06714790822738229,7.152225294989843,1.0,0.0625,seed,0.625
mean_control_relative_tps,higher-is-better,bo_qlognei_throughput,bo_qlognparego_multiobjective,5,-4.884877326895029e-05,-0.000122526568591904,-0.015114980226086582,-0.04,0.9375,seed,0.9375
mean_control_relative_tps,higher-is-better,bo_qlognei_throughput,bo_qlognehvi_multiobjective,5,-0.006785946563399661,-0.005717597524079347,-0.775281344603414,-0.28,0.125,seed,0.625
mean_control_relative_tps,higher-is-better,bo_qlognparego_multiobjective,bo_qlognehvi_multiobjective,5,-0.006737097790130711,-0.006763972076125946,-0.7421797856257769,-0.2,0.1875,seed,0.625
mean_control_relative_p99_ms,lower-is-better,random,sobol,5,0.06037618055556273,-0.12238406565657445,0.09867220918662238,-0.04,0.8125,seed,1.0
mean_control_relative_p99_ms,lower-is-better,random,bo_qlognei_throughput,5,-2.698729020265136,-2.5778523207070547,-3.2150836573238077,-1.0,0.0625,seed,0.625
mean_control_relative_p99_ms,lower-is-better,random,bo_qlognparego_multiobjective,5,-2.8338575099747296,-2.573292333333309,-2.938982040113779,-1.0,0.0625,seed,0.625
mean_control_relative_p99_ms,lower-is-better,random,bo_qlognehvi_multiobjective,5,-2.535667435353519,-2.611620301767598,-2.433591025446223,-1.0,0.0625,seed,0.625
mean_control_relative_p99_ms,lower-is-better,sobol,bo_qlognei_throughput,5,-2.7591052008206987,-2.534585561868686,-5.332736417316434,-1.0,0.0625,seed,0.625
mean_control_relative_p99_ms,lower-is-better,sobol,bo_qlognparego_multiobjective,5,-2.894233690530292,-3.01438485858586,-5.455483721680731,-1.0,0.0625,seed,0.625
mean_control_relative_p99_ms,lower-is-better,sobol,bo_qlognehvi_multiobjective,5,-2.5960436159090814,-3.0182034387626286,-3.0440083984729593,-1.0,0.0625,seed,0.625
mean_control_relative_p99_ms,lower-is-better,bo_qlognei_throughput,bo_qlognparego_multiobjective,5,-0.13512848970959343,-0.10827320580809152,-0.5910046211136728,-0.2,0.375,seed,1.0
mean_control_relative_p99_ms,lower-is-better,bo_qlognei_throughput,bo_qlognehvi_multiobjective,5,0.16306158491161696,0.19599372411616378,0.27604095569297266,-0.04,0.625,seed,1.0
mean_control_relative_p99_ms,lower-is-better,bo_qlognparego_multiobjective,bo_qlognehvi_multiobjective,5,0.2981900746212104,0.3042669299242553,0.5578359161019945,0.12,0.375,seed,1.0
