seed,method,slot,physical_method,status,valid,throughput_tps,p99_ms,best_throughput_tps,minimum_p99_ms,hypervolume,within_seed_position
88408573,random,1,random,COMPLETED,true,2582.436224,29.30718999999994,2582.436224,29.30718999999994,27613.49988034959,4
88408573,random,2,random,COMPLETED,true,2554.505868,28.892,2582.436224,28.892,28674.105171684365,5
88408573,random,3,random,COMPLETED,true,2930.716271,28.494,2930.716271,28.494,33720.821414125996,8
88408573,random,4,random,COMPLETED,true,2996.622873,26.102,2996.622873,26.102,41647.06468895399,11
88408573,random,5,random,COMPLETED,true,2855.644779,27.552590000000084,2996.622873,26.102,41647.06468895399,14
88408573,random,6,random,COMPLETED,true,2562.098978,30.732,2996.622873,26.102,41647.06468895399,17
88408573,random,7,random,COMPLETED,true,2580.217933,32.27881999999867,2996.622873,26.102,41647.06468895399,20
88408573,random,8,random,COMPLETED,true,2600.717156,28.875,2996.622873,26.102,41647.06468895399,24
88408573,random,9,random,COMPLETED,true,2562.74573,33.15395999999997,2996.622873,26.102,41647.06468895399,28
88408573,random,10,random,COMPLETED,true,2682.877312,34.948,2996.622873,26.102,41647.06468895399,30
88408573,random,11,random,COMPLETED,true,2531.516387,29.906,2996.622873,26.102,41647.06468895399,32
88408573,random,12,random,COMPLETED,true,2891.263078,28.268,2996.622873,26.102,41647.06468895399,37
88408573,random,13,random,COMPLETED,true,2512.693561,29.542,2996.622873,26.102,41647.06468895399,39
88408573,random,14,random,COMPLETED,true,2864.87287,28.071,2996.622873,26.102,41647.06468895399,44
88408573,random,15,random,COMPLETED,true,2762.450124,28.275119999999877,2996.622873,26.102,41647.06468895399,50
88408573,random,16,random,COMPLETED,true,2849.050616,28.165,2996.622873,26.102,41647.06468895399,56
88408573,random,17,random,COMPLETED,true,2458.753595,31.662830000000074,2996.622873,26.102,41647.06468895399,62
88408573,random,18,random,COMPLETED,true,2856.008346,27.965,2996.622873,26.102,41647.06468895399,67
88408573,random,19,random,COMPLETED,true,2697.739882,29.81137999999989,2996.622873,26.102,41647.06468895399,71
88408573,random,20,random,COMPLETED,true,2985.428681,27.549199999999953,2996.622873,26.102,41647.06468895399,78
88408573,random,21,random,COMPLETED,true,2480.054649,31.967399999999905,2996.622873,26.102,41647.06468895399,80
88408573,random,22,random,COMPLETED,true,2581.377802,37.7281399999999,2996.622873,26.102,41647.06468895399,89
88408573,random,23,random,COMPLETED,true,2493.6568,32.06327000000025,2996.622873,26.102,41647.06468895399,90
88408573,random,24,random,COMPLETED,true,2435.620894,29.802,2996.622873,26.102,41647.06468895399,96
88408573,random,25,random,COMPLETED,true,2475.373634,32.42910000000009,2996.622873,26.102,41647.06468895399,102
88408573,random,26,random,COMPLETED,true,2896.980689,27.878260000000008,2996.622873,26.102,41647.06468895399,110
88408573,random,27,random,COMPLETED,true,2458.477894,37.35744999999995,2996.622873,26.102,41647.06468895399,113
88408573,random,28,random,COMPLETED,true,2754.311674,32.50423999999976,2996.622873,26.102,41647.06468895399,120
88408573,random,29,random,COMPLETED,true,2439.59495,37.92233999999985,2996.622873,26.102,41647.06468895399,121
88408573,random,30,random,COMPLETED,true,2443.200638,30.767429999999933,2996.622873,26.102,41647.06468895399,128
88408573,sobol,1,sobol,COMPLETED,true,2953.384896,27.289,2953.384896,27.289,37540.475413055996,2
88408573,sobol,2,sobol,COMPLETED,true,2639.854608,29.658,2953.384896,27.289,37540.475413055996,6
88408573,sobol,3,sobol,COMPLETED,true,2559.112046,28.48552000000002,2953.384896,27.289,37540.475413055996,9
88408573,sobol,4,sobol,COMPLETED,true,2964.04129,27.081790000000037,2964.04129,27.081790000000037,38290.10783289079,13
88408573,sobol,5,sobol,COMPLETED,true,3070.563978,27.509,3070.563978,27.081790000000037,39620.68272869879,16
88408573,sobol,6,sobol,COMPLETED,true,2536.193534,29.035,3070.563978,27.081790000000037,39620.68272869879,18
88408573,sobol,7,sobol,COMPLETED,true,2543.386418,29.167290000000037,3070.563978,27.081790000000037,39620.68272869879,21
88408573,sobol,8,sobol,COMPLETED,true,2601.153772,33.355,3070.563978,27.081790000000037,39620.68272869879,25
88408573,sobol,9,sobol,COMPLETED,true,2748.791875,29.187,3070.563978,27.081790000000037,39620.68272869879,27
88408573,sobol,10,sobol,COMPLETED,true,2520.5533,29.245,3070.563978,27.081790000000037,39620.68272869879,31
88408573,sobol,11,sobol,COMPLETED,true,2538.666805,32.805,3070.563978,27.081790000000037,39620.68272869879,33
88408573,sobol,12,sobol,COMPLETED,true,2939.457269,29.074,3070.563978,27.081790000000037,39620.68272869879,36
88408573,sobol,13,sobol,COMPLETED,true,2579.462239,34.636,3070.563978,27.081790000000037,39620.68272869879,41
88408573,sobol,14,sobol,COMPLETED,true,2509.095712,31.725,3070.563978,27.081790000000037,39620.68272869879,48
88408573,sobol,15,sobol,COMPLETED,true,2475.531021,30.794,3070.563978,27.081790000000037,39620.68272869879,51
88408573,sobol,16,sobol,COMPLETED,true,2962.402708,27.82677000000002,3070.563978,27.081790000000037,39620.68272869879,58
88408573,sobol,17,sobol,COMPLETED,true,2383.173061,41.535429999999934,3070.563978,27.081790000000037,39620.68272869879,63
88408573,sobol,18,sobol,COMPLETED,true,2723.118389,30.467,3070.563978,27.081790000000037,39620.68272869879,69
88408573,sobol,19,sobol,COMPLETED,true,2928.527474,28.849,3070.563978,27.081790000000037,39620.68272869879,73
88408573,sobol,20,sobol,COMPLETED,true,2538.589246,34.732,3070.563978,27.081790000000037,39620.68272869879,75
88408573,sobol,21,sobol,COMPLETED,true,2548.82575,30.261949999999953,3070.563978,27.081790000000037,39620.68272869879,83
88408573,sobol,22,sobol,COMPLETED,true,2555.321575,33.74224999999954,3070.563978,27.081790000000037,39620.68272869879,85
88408573,sobol,23,sobol,COMPLETED,true,2803.618201,30.382810000000056,3070.563978,27.081790000000037,39620.68272869879,93
88408573,sobol,24,sobol,COMPLETED,true,2527.758994,30.60544000000041,3070.563978,27.081790000000037,39620.68272869879,97
88408573,sobol,25,sobol,COMPLETED,true,2477.921066,33.71,3070.563978,27.081790000000037,39620.68272869879,103
88408573,sobol,26,sobol,COMPLETED,true,2857.23472,37.54071999999974,3070.563978,27.081790000000037,39620.68272869879,108
88408573,sobol,27,sobol,COMPLETED,true,2540.572093,30.044330000000077,3070.563978,27.081790000000037,39620.68272869879,114
88408573,sobol,28,sobol,COMPLETED,true,2443.247232,36.763,3070.563978,27.081790000000037,39620.68272869879,119
88408573,sobol,29,sobol,COMPLETED,true,2518.920845,35.803,3070.563978,27.081790000000037,39620.68272869879,124
88408573,sobol,30,sobol,COMPLETED,true,2743.842201,33.871759999999774,3070.563978,27.081790000000037,39620.68272869879,130
88408573,bo_qlognei_throughput,1,bo_shared_initial,COMPLETED,true,2735.923424,29.183,2735.923424,29.183,29594.483677408,3
88408573,bo_qlognei_throughput,2,bo_shared_initial,COMPLETED,true,2585.625579,28.976,2735.923424,28.976,30129.708172261002,7
88408573,bo_qlognei_throughput,3,bo_shared_initial,COMPLETED,true,2576.634546,28.249459999999964,2735.923424,28.249459999999964,32001.73623531193,10
88408573,bo_qlognei_throughput,4,bo_shared_initial,COMPLETED,true,3024.51981,26.422,3024.51981,26.422,41066.92998017999,12
88408573,bo_qlognei_throughput,5,bo_shared_initial,COMPLETED,true,2983.28007,26.168,3024.51981,26.168,41824.68311796,15
88408573,bo_qlognei_throughput,6,bo_shared_initial,COMPLETED,true,2595.268924,28.980990000000222,3024.51981,26.168,41824.68311796,19
88408573,bo_qlognei_throughput,7,bo_shared_initial,COMPLETED,true,2519.485435,30.547,3024.51981,26.168,41824.68311796,22
88408573,bo_qlognei_throughput,8,bo_shared_initial,COMPLETED,true,2952.420096,27.59172999999998,3024.51981,26.168,41824.68311796,23
88408573,bo_qlognei_throughput,9,bo_shared_initial,COMPLETED,true,2979.73605,28.76501000000001,3024.51981,26.168,41824.68311796,26
88408573,bo_qlognei_throughput,10,bo_shared_initial,COMPLETED,true,2480.90752,29.611330000000308,3024.51981,26.168,41824.68311796,29
88408573,bo_qlognei_throughput,11,bo_shared_initial,COMPLETED,true,2519.251495,29.504,3024.51981,26.168,41824.68311796,35
88408573,bo_qlognei_throughput,12,bo_shared_initial,COMPLETED,true,2570.832207,35.893,3024.51981,26.168,41824.68311796,38
88408573,bo_qlognei_throughput,13,bo_qlognei_throughput,COMPLETED,true,2936.385749,28.220439999999943,3024.51981,26.168,41824.68311796,43
88408573,bo_qlognei_throughput,14,bo_qlognei_throughput,COMPLETED,true,2756.517399,27.434560000000054,3024.51981,26.168,41824.68311796,46
88408573,bo_qlognei_throughput,15,bo_qlognei_throughput,COMPLETED,true,2980.844426,26.643,3024.51981,26.168,41824.68311796,53
88408573,bo_qlognei_throughput,16,bo_qlognei_throughput,COMPLETED,true,2962.296276,27.731,3024.51981,26.168,41824.68311796,54
88408573,bo_qlognei_throughput,17,bo_qlognei_throughput,COMPLETED,true,2930.214616,27.389,3024.51981,26.168,41824.68311796,59
88408573,bo_qlognei_throughput,18,bo_qlognei_throughput,COMPLETED,true,2982.717355,26.407,3024.51981,26.168,41824.68311796,64
88408573,bo_qlognei_throughput,19,bo_qlognei_throughput,COMPLETED,true,2969.166935,28.366999999999997,3024.51981,26.168,41824.68311796,70
88408573,bo_qlognei_throughput,20,bo_qlognei_throughput,COMPLETED,true,2989.598619,26.302,3024.51981,26.168,41825.44134384,79
88408573,bo_qlognei_throughput,21,bo_qlognei_throughput,COMPLETED,true,2951.421828,27.396,3024.51981,26.168,41825.44134384,82
88408573,bo_qlognei_throughput,22,bo_qlognei_throughput,COMPLETED,true,2973.676237,26.578,3024.51981,26.168,41825.44134384,88
88408573,bo_qlognei_throughput,23,bo_qlognei_throughput,COMPLETED,true,2935.583778,29.922169999999927,3024.51981,26.168,41825.44134384,92
88408573,bo_qlognei_throughput,24,bo_qlognei_throughput,COMPLETED,true,2927.422618,27.487,3024.51981,26.168,41825.44134384,98
88408573,bo_qlognei_throughput,25,bo_qlognei_throughput,COMPLETED,true,2870.233493,29.149,3024.51981,26.168,41825.44134384,104
88408573,bo_qlognei_throughput,26,bo_qlognei_throughput,COMPLETED,true,2984.936916,28.82,3024.51981,26.168,41825.44134384,107
88408573,bo_qlognei_throughput,27,bo_qlognei_throughput,COMPLETED,true,2953.580434,27.392,3024.51981,26.168,41825.44134384,115
88408573,bo_qlognei_throughput,28,bo_qlognei_throughput,COMPLETED,true,3001.358893,26.913,3024.51981,26.168,41825.44134384,118
88408573,bo_qlognei_throughput,29,bo_qlognei_throughput,COMPLETED,true,2969.628501,27.781929999999935,3024.51981,26.168,41825.44134384,123
88408573,bo_qlognei_throughput,30,bo_qlognei_throughput,COMPLETED,true,2932.041789,29.590320000000066,3024.51981,26.168,41825.44134384,126
88408573,bo_qlognparego_multiobjective,1,bo_shared_initial,COMPLETED,true,2735.923424,29.183,2735.923424,29.183,29594.483677408,3
88408573,bo_qlognparego_multiobjective,2,bo_shared_initial,COMPLETED,true,2585.625579,28.976,2735.923424,28.976,30129.708172261002,7
88408573,bo_qlognparego_multiobjective,3,bo_shared_initial,COMPLETED,true,2576.634546,28.249459999999964,2735.923424,28.249459999999964,32001.73623531193,10
88408573,bo_qlognparego_multiobjective,4,bo_shared_initial,COMPLETED,true,3024.51981,26.422,3024.51981,26.422,41066.92998017999,12
88408573,bo_qlognparego_multiobjective,5,bo_shared_initial,COMPLETED,true,2983.28007,26.168,3024.51981,26.168,41824.68311796,15
88408573,bo_qlognparego_multiobjective,6,bo_shared_initial,COMPLETED,true,2595.268924,28.980990000000222,3024.51981,26.168,41824.68311796,19
88408573,bo_qlognparego_multiobjective,7,bo_shared_initial,COMPLETED,true,2519.485435,30.547,3024.51981,26.168,41824.68311796,22
88408573,bo_qlognparego_multiobjective,8,bo_shared_initial,COMPLETED,true,2952.420096,27.59172999999998,3024.51981,26.168,41824.68311796,23
88408573,bo_qlognparego_multiobjective,9,bo_shared_initial,COMPLETED,true,2979.73605,28.76501000000001,3024.51981,26.168,41824.68311796,26
88408573,bo_qlognparego_multiobjective,10,bo_shared_initial,COMPLETED,true,2480.90752,29.611330000000308,3024.51981,26.168,41824.68311796,29
88408573,bo_qlognparego_multiobjective,11,bo_shared_initial,COMPLETED,true,2519.251495,29.504,3024.51981,26.168,41824.68311796,35
88408573,bo_qlognparego_multiobjective,12,bo_shared_initial,COMPLETED,true,2570.832207,35.893,3024.51981,26.168,41824.68311796,38
88408573,bo_qlognparego_multiobjective,13,bo_qlognparego_multiobjective,COMPLETED,true,2901.914847,26.965,3024.51981,26.168,41824.68311796,42
88408573,bo_qlognparego_multiobjective,14,bo_qlognparego_multiobjective,COMPLETED,true,3022.633429,26.013100000000094,3024.51981,26.013100000000094,42302.88478929781,45
88408573,bo_qlognparego_multiobjective,15,bo_qlognparego_multiobjective,COMPLETED,true,2945.082087,27.894550000000045,3024.51981,26.013100000000094,42302.88478929781,49
88408573,bo_qlognparego_multiobjective,16,bo_qlognparego_multiobjective,COMPLETED,true,2981.976959,26.873,3024.51981,26.013100000000094,42302.88478929781,55
88408573,bo_qlognparego_multiobjective,17,bo_qlognparego_multiobjective,COMPLETED,true,2978.773545,26.506169999999926,3024.51981,26.013100000000094,42302.88478929781,60
88408573,bo_qlognparego_multiobjective,18,bo_qlognparego_multiobjective,COMPLETED,true,2994.129418,26.038,3024.51981,26.013100000000094,42302.88478929781,65
88408573,bo_qlognparego_multiobjective,19,bo_qlognparego_multiobjective,COMPLETED,true,2977.571946,27.224,3024.51981,26.013100000000094,42302.88478929781,74
88408573,bo_qlognparego_multiobjective,20,bo_qlognparego_multiobjective,COMPLETED,true,2982.095339,26.526169999999926,3024.51981,26.013100000000094,42302.88478929781,77
88408573,bo_qlognparego_multiobjective,21,bo_qlognparego_multiobjective,COMPLETED,true,2513.583807,36.7101100000001,3024.51981,26.013100000000094,42302.88478929781,81
88408573,bo_qlognparego_multiobjective,22,bo_qlognparego_multiobjective,COMPLETED,true,2911.532409,27.580449999999953,3024.51981,26.013100000000094,42302.88478929781,87
88408573,bo_qlognparego_multiobjective,23,bo_qlognparego_multiobjective,COMPLETED,true,2909.981155,26.882,3024.51981,26.013100000000094,42302.88478929781,91
88408573,bo_qlognparego_multiobjective,24,bo_qlognparego_multiobjective,COMPLETED,true,2935.700421,27.912,3024.51981,26.013100000000094,42302.88478929781,100
88408573,bo_qlognparego_multiobjective,25,bo_qlognparego_multiobjective,COMPLETED,true,2899.270096,28.42729000000004,3024.51981,26.013100000000094,42302.88478929781,101
88408573,bo_qlognparego_multiobjective,26,bo_qlognparego_multiobjective,COMPLETED,true,3002.668533,27.231,3024.51981,26.013100000000094,42302.88478929781,106
88408573,bo_qlognparego_multiobjective,27,bo_qlognparego_multiobjective,COMPLETED,true,3043.130594,26.126,3043.130594,26.013100000000094,42561.64917528982,111
88408573,bo_qlognparego_multiobjective,28,bo_qlognparego_multiobjective,COMPLETED,true,2944.124558,26.57,3043.130594,26.013100000000094,42561.64917528982,116
88408573,bo_qlognparego_multiobjective,29,bo_qlognparego_multiobjective,COMPLETED,true,2951.455291,26.529,3043.130594,26.013100000000094,42561.64917528982,125
88408573,bo_qlognparego_multiobjective,30,bo_qlognparego_multiobjective,COMPLETED,true,2714.960872,34.82598999999999,3043.130594,26.013100000000094,42561.64917528982,129
88408573,bo_qlognehvi_multiobjective,1,bo_shared_initial,COMPLETED,true,2735.923424,29.183,2735.923424,29.183,29594.483677408,3
88408573,bo_qlognehvi_multiobjective,2,bo_shared_initial,COMPLETED,true,2585.625579,28.976,2735.923424,28.976,30129.708172261002,7
88408573,bo_qlognehvi_multiobjective,3,bo_shared_initial,COMPLETED,true,2576.634546,28.249459999999964,2735.923424,28.249459999999964,32001.73623531193,10
88408573,bo_qlognehvi_multiobjective,4,bo_shared_initial,COMPLETED,true,3024.51981,26.422,3024.51981,26.422,41066.92998017999,12
88408573,bo_qlognehvi_multiobjective,5,bo_shared_initial,COMPLETED,true,2983.28007,26.168,3024.51981,26.168,41824.68311796,15
88408573,bo_qlognehvi_multiobjective,6,bo_shared_initial,COMPLETED,true,2595.268924,28.980990000000222,3024.51981,26.168,41824.68311796,19
88408573,bo_qlognehvi_multiobjective,7,bo_shared_initial,COMPLETED,true,2519.485435,30.547,3024.51981,26.168,41824.68311796,22
88408573,bo_qlognehvi_multiobjective,8,bo_shared_initial,COMPLETED,true,2952.420096,27.59172999999998,3024.51981,26.168,41824.68311796,23
88408573,bo_qlognehvi_multiobjective,9,bo_shared_initial,COMPLETED,true,2979.73605,28.76501000000001,3024.51981,26.168,41824.68311796,26
88408573,bo_qlognehvi_multiobjective,10,bo_shared_initial,COMPLETED,true,2480.90752,29.611330000000308,3024.51981,26.168,41824.68311796,29
88408573,bo_qlognehvi_multiobjective,11,bo_shared_initial,COMPLETED,true,2519.251495,29.504,3024.51981,26.168,41824.68311796,35
88408573,bo_qlognehvi_multiobjective,12,bo_shared_initial,COMPLETED,true,2570.832207,35.893,3024.51981,26.168,41824.68311796,38
88408573,bo_qlognehvi_multiobjective,13,bo_qlognehvi_multiobjective,COMPLETED,true,2966.098284,26.686,3024.51981,26.168,41824.68311796,40
88408573,bo_qlognehvi_multiobjective,14,bo_qlognehvi_multiobjective,COMPLETED,true,2744.145535,27.938,3024.51981,26.168,41824.68311796,47
88408573,bo_qlognehvi_multiobjective,15,bo_qlognehvi_multiobjective,COMPLETED,true,2945.812577,27.641,3024.51981,26.168,41824.68311796,52
88408573,bo_qlognehvi_multiobjective,16,bo_qlognehvi_multiobjective,COMPLETED,true,2872.29816,28.452,3024.51981,26.168,41824.68311796,57
88408573,bo_qlognehvi_multiobjective,17,bo_qlognehvi_multiobjective,COMPLETED,true,3016.40176,26.354,3024.51981,26.168,41826.93539288,61
88408573,bo_qlognehvi_multiobjective,18,bo_qlognehvi_multiobjective,COMPLETED,true,2908.883067,28.116729999999983,3024.51981,26.168,41826.93539288,68
88408573,bo_qlognehvi_multiobjective,19,bo_qlognehvi_multiobjective,COMPLETED,true,2986.044418,27.170979999999982,3024.51981,26.168,41826.93539288,72
88408573,bo_qlognehvi_multiobjective,20,bo_qlognehvi_multiobjective,COMPLETED,true,2988.643851,26.475,3024.51981,26.168,41826.93539288,76
88408573,bo_qlognehvi_multiobjective,21,bo_qlognehvi_multiobjective,COMPLETED,true,2881.590018,27.068,3024.51981,26.168,41826.93539288,84
88408573,bo_qlognehvi_multiobjective,22,bo_qlognehvi_multiobjective,COMPLETED,true,2936.307931,27.07,3024.51981,26.168,41826.93539288,86
88408573,bo_qlognehvi_multiobjective,23,bo_qlognehvi_multiobjective,COMPLETED,true,2912.174129,27.066,3024.51981,26.168,41826.93539288,94
88408573,bo_qlognehvi_multiobjective,24,bo_qlognehvi_multiobjective,COMPLETED,true,2924.628783,27.552,3024.51981,26.168,41826.93539288,95
88408573,bo_qlognehvi_multiobjective,25,bo_qlognehvi_multiobjective,COMPLETED,true,2981.102949,27.734,3024.51981,26.168,41826.93539288,105
88408573,bo_qlognehvi_multiobjective,26,bo_qlognehvi_multiobjective,COMPLETED,true,3017.767932,27.14,3024.51981,26.168,41826.93539288,109
88408573,bo_qlognehvi_multiobjective,27,bo_qlognehvi_multiobjective,COMPLETED,true,2978.40288,26.932,3024.51981,26.168,41826.93539288,112
88408573,bo_qlognehvi_multiobjective,28,bo_qlognehvi_multiobjective,COMPLETED,true,2974.188246,27.23,3024.51981,26.168,41826.93539288,117
88408573,bo_qlognehvi_multiobjective,29,bo_qlognehvi_multiobjective,COMPLETED,true,2955.740208,27.102,3024.51981,26.168,41826.93539288,122
88408573,bo_qlognehvi_multiobjective,30,bo_qlognehvi_multiobjective,COMPLETED,true,2876.164305,28.128739999999993,3024.51981,26.168,41826.93539288,127
642754166,random,1,random,COMPLETED,true,2593.342875,28.959,2593.342875,28.959,28633.098682875,2
642754166,random,2,random,COMPLETED,true,2595.703572,31.284,2595.703572,28.959,28653.674517927,6
642754166,random,3,random,COMPLETED,true,2834.997523,28.36494999999995,2834.997523,28.36494999999995,32985.33792998129,8
642754166,random,4,random,COMPLETED,true,2587.871656,29.494,2834.997523,28.36494999999995,32985.33792998129,13
642754166,random,5,random,COMPLETED,true,2939.393481,28.55422999999998,2939.393481,28.36494999999995,34180.23005417895,16
642754166,random,6,random,COMPLETED,true,2559.601693,29.26398999999999,2939.393481,28.36494999999995,34180.23005417895,17
642754166,random,7,random,COMPLETED,true,2581.23368,28.99,2939.393481,28.36494999999995,34180.23005417895,22
642754166,random,8,random,COMPLETED,true,2864.177382,28.237,2939.393481,28.237,34552.22471391724,25
642754166,random,9,random,COMPLETED,true,2576.593097,30.623,2939.393481,28.237,34552.22471391724,26
642754166,random,10,random,COMPLETED,true,2993.190075,26.848,2993.190075,26.848,39366.4358664,29
642754166,random,11,random,COMPLETED,true,2562.073265,31.522,2993.190075,26.848,39366.4358664,32
642754166,random,12,random,COMPLETED,true,2653.115384,34.259,2993.190075,26.848,39366.4358664,36
642754166,random,13,random,COMPLETED,true,2541.756906,31.224679999999935,2993.190075,26.848,39366.4358664,40
642754166,random,14,random,COMPLETED,true,2534.981511,29.436,2993.190075,26.848,39366.4358664,46
642754166,random,15,random,COMPLETED,true,2610.032244,33.681,2993.190075,26.848,39366.4358664,53
642754166,random,16,random,COMPLETED,true,2940.527076,29.102,2993.190075,26.848,39366.4358664,58
642754166,random,17,random,COMPLETED,true,2622.781494,31.697560000000056,2993.190075,26.848,39366.4358664,59
642754166,random,18,random,COMPLETED,true,2693.989559,31.27122999999998,2993.190075,26.848,39366.4358664,65
642754166,random,19,random,COMPLETED,true,2464.354412,30.605580000000074,2993.190075,26.848,39366.4358664,73
642754166,random,20,random,COMPLETED,true,2536.41796,35.346,2993.190075,26.848,39366.4358664,75
642754166,random,21,random,COMPLETED,true,2788.768758,28.277939999999944,2993.190075,26.848,39366.4358664,82
642754166,random,22,random,COMPLETED,true,2647.447984,36.514,2993.190075,26.848,39366.4358664,85
642754166,random,23,random,COMPLETED,true,2487.320099,30.107359999999872,2993.190075,26.848,39366.4358664,93
642754166,random,24,random,COMPLETED,true,2527.066196,38.374,2993.190075,26.848,39366.4358664,97
642754166,random,25,random,COMPLETED,true,2615.123756,38.899,2993.190075,26.848,39366.4358664,104
642754166,random,26,random,COMPLETED,true,2640.710805,32.90619999999995,2993.190075,26.848,39366.4358664,109
642754166,random,27,random,COMPLETED,true,2786.542031,29.12,2993.190075,26.848,39366.4358664,113
642754166,random,28,random,COMPLETED,true,2467.757998,37.374,2993.190075,26.848,39366.4358664,120
642754166,random,29,random,COMPLETED,true,2576.016396,32.88979000000004,2993.190075,26.848,39366.4358664,125
642754166,random,30,random,COMPLETED,true,2742.556144,29.059,2993.190075,26.848,39366.4358664,127
642754166,sobol,1,sobol,COMPLETED,true,2727.388633,28.905,2727.388633,28.905,30260.376883135,3
642754166,sobol,2,sobol,COMPLETED,true,2552.466925,30.499,2727.388633,28.905,30260.376883135,5
642754166,sobol,3,sobol,COMPLETED,true,2574.458371,31.801889999999666,2727.388633,28.905,30260.376883135,9
642754166,sobol,4,sobol,COMPLETED,true,2887.379948,29.144,2887.379948,28.905,31997.242598774992,12
642754166,sobol,5,sobol,COMPLETED,true,2625.743326,30.96336999999988,2887.379948,28.905,31997.242598774992,15
642754166,sobol,6,sobol,COMPLETED,true,2597.091252,32.38187999999989,2887.379948,28.905,31997.242598774992,19
642754166,sobol,7,sobol,COMPLETED,true,2548.18348,29.61,2887.379948,28.905,31997.242598774992,20
642754166,sobol,8,sobol,COMPLETED,true,2994.138576,26.766439999999943,2994.138576,26.766439999999943,39623.11249381073,23
642754166,sobol,9,sobol,COMPLETED,true,2898.303272,27.193,2994.138576,26.766439999999943,39623.11249381073,27
642754166,sobol,10,sobol,COMPLETED,true,2559.945678,29.14822999999998,2994.138576,26.766439999999943,39623.11249381073,30
642754166,sobol,11,sobol,COMPLETED,true,2595.685965,34.08661000000011,2994.138576,26.766439999999943,39623.11249381073,35
642754166,sobol,12,sobol,COMPLETED,true,2769.936904,29.078,2994.138576,26.766439999999943,39623.11249381073,37
642754166,sobol,13,sobol,COMPLETED,true,2939.326306,28.458300000000044,2994.138576,26.766439999999943,39623.11249381073,42
642754166,sobol,14,sobol,COMPLETED,true,2540.749995,30.03,2994.138576,26.766439999999943,39623.11249381073,48
642754166,sobol,15,sobol,COMPLETED,true,2560.834438,33.270689999999945,2994.138576,26.766439999999943,39623.11249381073,51
642754166,sobol,16,sobol,COMPLETED,true,2602.690603,34.11843999999994,2994.138576,26.766439999999943,39623.11249381073,55
642754166,sobol,17,sobol,COMPLETED,true,2498.81829,31.682929999999935,2994.138576,26.766439999999943,39623.11249381073,62
642754166,sobol,18,sobol,COMPLETED,true,3057.958778,27.003570000000067,3057.958778,26.766439999999943,40452.547281689585,67
642754166,sobol,19,sobol,COMPLETED,true,2671.729763,36.8861000000001,3057.958778,26.766439999999943,40452.547281689585,70
642754166,sobol,20,sobol,COMPLETED,true,2530.923949,28.425,3057.958778,26.766439999999943,40452.547281689585,79
642754166,sobol,21,sobol,COMPLETED,true,2466.613992,31.203700000000186,3057.958778,26.766439999999943,40452.547281689585,81
642754166,sobol,22,sobol,COMPLETED,true,2969.417369,28.232,3057.958778,26.766439999999943,40452.547281689585,88
642754166,sobol,23,sobol,COMPLETED,true,2858.259635,28.487,3057.958778,26.766439999999943,40452.547281689585,90
642754166,sobol,24,sobol,COMPLETED,true,2423.8351,35.38276000000001,3057.958778,26.766439999999943,40452.547281689585,100
642754166,sobol,25,sobol,COMPLETED,true,2468.570853,33.488,3057.958778,26.766439999999943,40452.547281689585,103
642754166,sobol,26,sobol,COMPLETED,true,2470.567719,35.8321100000001,3057.958778,26.766439999999943,40452.547281689585,110
642754166,sobol,27,sobol,COMPLETED,true,2982.209482,27.147,3057.958778,26.766439999999943,40452.547281689585,114
642754166,sobol,28,sobol,COMPLETED,true,2452.594885,31.784790000000037,3057.958778,26.766439999999943,40452.547281689585,117
642754166,sobol,29,sobol,COMPLETED,true,2504.928928,29.433040000000037,3057.958778,26.766439999999943,40452.547281689585,121
642754166,sobol,30,sobol,COMPLETED,true,2697.159451,36.356,3057.958778,26.766439999999943,40452.547281689585,128
642754166,bo_qlognei_throughput,1,bo_shared_initial,COMPLETED,true,3021.263385,26.158810000000056,3021.263385,26.158810000000056,41817.880551827984,4
642754166,bo_qlognei_throughput,2,bo_shared_initial,COMPLETED,true,2523.514793,29.658,3021.263385,26.158810000000056,41817.880551827984,7
642754166,bo_qlognei_throughput,3,bo_shared_initial,COMPLETED,true,2490.211798,29.39,3021.263385,26.158810000000056,41817.880551827984,10
642754166,bo_qlognei_throughput,4,bo_shared_initial,COMPLETED,true,2691.67508,33.812,3021.263385,26.158810000000056,41817.880551827984,11
642754166,bo_qlognei_throughput,5,bo_shared_initial,COMPLETED,true,2972.94636,26.564,3021.263385,26.158810000000056,41817.880551827984,14
642754166,bo_qlognei_throughput,6,bo_shared_initial,COMPLETED,true,2524.642817,29.765040000000038,3021.263385,26.158810000000056,41817.880551827984,18
642754166,bo_qlognei_throughput,7,bo_shared_initial,COMPLETED,true,2557.182354,28.696659999999916,3021.263385,26.158810000000056,41817.880551827984,21
642754166,bo_qlognei_throughput,8,bo_shared_initial,COMPLETED,true,2552.788876,31.401,3021.263385,26.158810000000056,41817.880551827984,24
642754166,bo_qlognei_throughput,9,bo_shared_initial,COMPLETED,true,2768.798331,29.888,3021.263385,26.158810000000056,41817.880551827984,28
642754166,bo_qlognei_throughput,10,bo_shared_initial,COMPLETED,true,2578.325581,28.855580000000074,3021.263385,26.158810000000056,41817.880551827984,31
642754166,bo_qlognei_throughput,11,bo_shared_initial,COMPLETED,true,2548.083607,29.1,3021.263385,26.158810000000056,41817.880551827984,33
642754166,bo_qlognei_throughput,12,bo_shared_initial,COMPLETED,true,3035.655429,27.165629999999886,3035.655429,26.158810000000056,42002.59336958026,38
642754166,bo_qlognei_throughput,13,bo_qlognei_throughput,COMPLETED,true,3023.250823,26.291,3035.655429,26.158810000000056,42004.3316424782,43
642754166,bo_qlognei_throughput,14,bo_qlognei_throughput,COMPLETED,true,2874.31852,29.485,3035.655429,26.158810000000056,42004.3316424782,44
642754166,bo_qlognei_throughput,15,bo_qlognei_throughput,COMPLETED,true,3012.962742,27.17,3035.655429,26.158810000000056,42004.3316424782,49
642754166,bo_qlognei_throughput,16,bo_qlognei_throughput,COMPLETED,true,3056.012901,26.21222999999998,3056.012901,26.158810000000056,42296.9988860473,57
642754166,bo_qlognei_throughput,17,bo_qlognei_throughput,COMPLETED,true,3030.912405,29.518,3056.012901,26.158810000000056,42296.9988860473,61
642754166,bo_qlognei_throughput,18,bo_qlognei_throughput,COMPLETED,true,3052.610886,26.329,3056.012901,26.158810000000056,42296.9988860473,69
642754166,bo_qlognei_throughput,19,bo_qlognei_throughput,COMPLETED,true,3045.308086,29.409070000000064,3056.012901,26.158810000000056,42296.9988860473,71
642754166,bo_qlognei_throughput,20,bo_qlognei_throughput,COMPLETED,true,3001.503915,27.165,3056.012901,26.158810000000056,42296.9988860473,78
642754166,bo_qlognei_throughput,21,bo_qlognei_throughput,COMPLETED,true,2966.683035,27.38294999999995,3056.012901,26.158810000000056,42296.9988860473,84
642754166,bo_qlognei_throughput,22,bo_qlognei_throughput,COMPLETED,true,2988.91409,29.439,3056.012901,26.158810000000056,42296.9988860473,89
642754166,bo_qlognei_throughput,23,bo_qlognei_throughput,COMPLETED,true,2970.033561,28.541,3056.012901,26.158810000000056,42296.9988860473,92
642754166,bo_qlognei_throughput,24,bo_qlognei_throughput,COMPLETED,true,3000.205559,26.631,3056.012901,26.158810000000056,42296.9988860473,96
642754166,bo_qlognei_throughput,25,bo_qlognei_throughput,COMPLETED,true,2971.522075,29.45322999999998,3056.012901,26.158810000000056,42296.9988860473,102
642754166,bo_qlognei_throughput,26,bo_qlognei_throughput,COMPLETED,true,2952.662821,27.706,3056.012901,26.158810000000056,42296.9988860473,107
642754166,bo_qlognei_throughput,27,bo_qlognei_throughput,COMPLETED,true,3001.250151,29.338,3056.012901,26.158810000000056,42296.9988860473,111
642754166,bo_qlognei_throughput,28,bo_qlognei_throughput,COMPLETED,true,3026.650234,26.69171999999997,3056.012901,26.158810000000056,42296.9988860473,118
642754166,bo_qlognei_throughput,29,bo_qlognei_throughput,COMPLETED,true,2987.131193,27.186199999999953,3056.012901,26.158810000000056,42296.9988860473,123
642754166,bo_qlognei_throughput,30,bo_qlognei_throughput,COMPLETED,true,3006.53613,26.161,3056.012901,26.158810000000056,42296.9988860473,130
642754166,bo_qlognparego_multiobjective,1,bo_shared_initial,COMPLETED,true,3021.263385,26.158810000000056,3021.263385,26.158810000000056,41817.880551827984,4
642754166,bo_qlognparego_multiobjective,2,bo_shared_initial,COMPLETED,true,2523.514793,29.658,3021.263385,26.158810000000056,41817.880551827984,7
642754166,bo_qlognparego_multiobjective,3,bo_shared_initial,COMPLETED,true,2490.211798,29.39,3021.263385,26.158810000000056,41817.880551827984,10
642754166,bo_qlognparego_multiobjective,4,bo_shared_initial,COMPLETED,true,2691.67508,33.812,3021.263385,26.158810000000056,41817.880551827984,11
642754166,bo_qlognparego_multiobjective,5,bo_shared_initial,COMPLETED,true,2972.94636,26.564,3021.263385,26.158810000000056,41817.880551827984,14
642754166,bo_qlognparego_multiobjective,6,bo_shared_initial,COMPLETED,true,2524.642817,29.765040000000038,3021.263385,26.158810000000056,41817.880551827984,18
642754166,bo_qlognparego_multiobjective,7,bo_shared_initial,COMPLETED,true,2557.182354,28.696659999999916,3021.263385,26.158810000000056,41817.880551827984,21
642754166,bo_qlognparego_multiobjective,8,bo_shared_initial,COMPLETED,true,2552.788876,31.401,3021.263385,26.158810000000056,41817.880551827984,24
642754166,bo_qlognparego_multiobjective,9,bo_shared_initial,COMPLETED,true,2768.798331,29.888,3021.263385,26.158810000000056,41817.880551827984,28
642754166,bo_qlognparego_multiobjective,10,bo_shared_initial,COMPLETED,true,2578.325581,28.855580000000074,3021.263385,26.158810000000056,41817.880551827984,31
642754166,bo_qlognparego_multiobjective,11,bo_shared_initial,COMPLETED,true,2548.083607,29.1,3021.263385,26.158810000000056,41817.880551827984,33
642754166,bo_qlognparego_multiobjective,12,bo_shared_initial,COMPLETED,true,3035.655429,27.165629999999886,3035.655429,26.158810000000056,42002.59336958026,38
642754166,bo_qlognparego_multiobjective,13,bo_qlognparego_multiobjective,COMPLETED,true,3035.569985,26.331,3035.655429,26.158810000000056,42014.53408713826,41
642754166,bo_qlognparego_multiobjective,14,bo_qlognparego_multiobjective,COMPLETED,true,3008.343085,27.219409999999918,3035.655429,26.158810000000056,42014.53408713826,45
642754166,bo_qlognparego_multiobjective,15,bo_qlognparego_multiobjective,COMPLETED,true,3025.382247,25.718,3035.655429,25.718,43348.86206228628,50
642754166,bo_qlognparego_multiobjective,16,bo_qlognparego_multiobjective,COMPLETED,true,3016.001408,26.823,3035.655429,25.718,43348.86206228628,56
642754166,bo_qlognparego_multiobjective,17,bo_qlognparego_multiobjective,COMPLETED,true,2978.554158,27.553,3035.655429,25.718,43348.86206228628,60
642754166,bo_qlognparego_multiobjective,18,bo_qlognparego_multiobjective,COMPLETED,true,3009.047889,26.21,3035.655429,25.718,43348.86206228628,68
642754166,bo_qlognparego_multiobjective,19,bo_qlognparego_multiobjective,COMPLETED,true,2984.183869,26.528,3035.655429,25.718,43348.86206228628,72
642754166,bo_qlognparego_multiobjective,20,bo_qlognparego_multiobjective,COMPLETED,true,3053.549655,27.674,3053.549655,25.718,43569.42629196227,76
642754166,bo_qlognparego_multiobjective,21,bo_qlognparego_multiobjective,COMPLETED,true,2988.224711,27.197,3053.549655,25.718,43569.42629196227,80
642754166,bo_qlognparego_multiobjective,22,bo_qlognparego_multiobjective,COMPLETED,true,3047.654886,26.371,3053.549655,25.718,43585.12948079899,86
642754166,bo_qlognparego_multiobjective,23,bo_qlognparego_multiobjective,COMPLETED,true,3017.235988,26.181,3053.549655,25.718,43585.12948079899,91
642754166,bo_qlognparego_multiobjective,24,bo_qlognparego_multiobjective,COMPLETED,true,3045.330224,26.294,3053.549655,25.718,43586.257965508,98
642754166,bo_qlognparego_multiobjective,25,bo_qlognparego_multiobjective,COMPLETED,true,2973.05407,28.295,3053.549655,25.718,43586.257965508,101
642754166,bo_qlognparego_multiobjective,26,bo_qlognparego_multiobjective,COMPLETED,true,2931.645636,27.812,3053.549655,25.718,43586.257965508,108
642754166,bo_qlognparego_multiobjective,27,bo_qlognparego_multiobjective,COMPLETED,true,2996.023735,26.275,3053.549655,25.718,43586.257965508,112
642754166,bo_qlognparego_multiobjective,28,bo_qlognparego_multiobjective,COMPLETED,true,2996.037271,28.697290000000038,3053.549655,25.718,43586.257965508,116
642754166,bo_qlognparego_multiobjective,29,bo_qlognparego_multiobjective,COMPLETED,true,3006.015891,28.23861999999988,3053.549655,25.718,43586.257965508,124
642754166,bo_qlognparego_multiobjective,30,bo_qlognparego_multiobjective,COMPLETED,true,3021.499591,26.27,3053.549655,25.718,43586.257965508,126
642754166,bo_qlognehvi_multiobjective,1,bo_shared_initial,COMPLETED,true,3021.263385,26.158810000000056,3021.263385,26.158810000000056,41817.880551827984,4
642754166,bo_qlognehvi_multiobjective,2,bo_shared_initial,COMPLETED,true,2523.514793,29.658,3021.263385,26.158810000000056,41817.880551827984,7
642754166,bo_qlognehvi_multiobjective,3,bo_shared_initial,COMPLETED,true,2490.211798,29.39,3021.263385,26.158810000000056,41817.880551827984,10
642754166,bo_qlognehvi_multiobjective,4,bo_shared_initial,COMPLETED,true,2691.67508,33.812,3021.263385,26.158810000000056,41817.880551827984,11
642754166,bo_qlognehvi_multiobjective,5,bo_shared_initial,COMPLETED,true,2972.94636,26.564,3021.263385,26.158810000000056,41817.880551827984,14
642754166,bo_qlognehvi_multiobjective,6,bo_shared_initial,COMPLETED,true,2524.642817,29.765040000000038,3021.263385,26.158810000000056,41817.880551827984,18
642754166,bo_qlognehvi_multiobjective,7,bo_shared_initial,COMPLETED,true,2557.182354,28.696659999999916,3021.263385,26.158810000000056,41817.880551827984,21
642754166,bo_qlognehvi_multiobjective,8,bo_shared_initial,COMPLETED,true,2552.788876,31.401,3021.263385,26.158810000000056,41817.880551827984,24
642754166,bo_qlognehvi_multiobjective,9,bo_shared_initial,COMPLETED,true,2768.798331,29.888,3021.263385,26.158810000000056,41817.880551827984,28
642754166,bo_qlognehvi_multiobjective,10,bo_shared_initial,COMPLETED,true,2578.325581,28.855580000000074,3021.263385,26.158810000000056,41817.880551827984,31
642754166,bo_qlognehvi_multiobjective,11,bo_shared_initial,COMPLETED,true,2548.083607,29.1,3021.263385,26.158810000000056,41817.880551827984,33
642754166,bo_qlognehvi_multiobjective,12,bo_shared_initial,COMPLETED,true,3035.655429,27.165629999999886,3035.655429,26.158810000000056,42002.59336958026,38
642754166,bo_qlognehvi_multiobjective,13,bo_qlognehvi_multiobjective,COMPLETED,true,3050.389095,25.782,3050.389095,25.782,43370.43215271,39
642754166,bo_qlognehvi_multiobjective,14,bo_qlognehvi_multiobjective,COMPLETED,true,2964.873652,27.766,3050.389095,25.782,43370.43215271,47
642754166,bo_qlognehvi_multiobjective,15,bo_qlognehvi_multiobjective,COMPLETED,true,3022.799108,26.314,3050.389095,25.782,43370.43215271,52
642754166,bo_qlognehvi_multiobjective,16,bo_qlognehvi_multiobjective,COMPLETED,true,3021.661482,26.144,3050.389095,25.782,43370.43215271,54
642754166,bo_qlognehvi_multiobjective,17,bo_qlognehvi_multiobjective,COMPLETED,true,2945.863308,27.021,3050.389095,25.782,43370.43215271,63
642754166,bo_qlognehvi_multiobjective,18,bo_qlognehvi_multiobjective,COMPLETED,true,3006.467803,26.965,3050.389095,25.782,43370.43215271,64
642754166,bo_qlognehvi_multiobjective,19,bo_qlognehvi_multiobjective,COMPLETED,true,3066.556834,26.67828000000003,3066.556834,25.782,43585.814244701076,74
642754166,bo_qlognehvi_multiobjective,20,bo_qlognehvi_multiobjective,COMPLETED,true,3030.483086,27.874,3066.556834,25.782,43585.814244701076,77
642754166,bo_qlognehvi_multiobjective,21,bo_qlognehvi_multiobjective,COMPLETED,true,2955.430082,28.779819999999834,3066.556834,25.782,43585.814244701076,83
642754166,bo_qlognehvi_multiobjective,22,bo_qlognehvi_multiobjective,COMPLETED,true,3034.120941,26.3,3066.556834,25.782,43585.814244701076,87
642754166,bo_qlognehvi_multiobjective,23,bo_qlognehvi_multiobjective,COMPLETED,true,2971.625096,26.551,3066.556834,25.782,43585.814244701076,94
642754166,bo_qlognehvi_multiobjective,24,bo_qlognehvi_multiobjective,COMPLETED,true,3010.499725,27.251,3066.556834,25.782,43585.814244701076,95
642754166,bo_qlognehvi_multiobjective,25,bo_qlognehvi_multiobjective,COMPLETED,true,3004.695524,29.413,3066.556834,25.782,43585.814244701076,105
642754166,bo_qlognehvi_multiobjective,26,bo_qlognehvi_multiobjective,COMPLETED,true,2983.901305,27.15675,3066.556834,25.782,43585.814244701076,106
642754166,bo_qlognehvi_multiobjective,27,bo_qlognehvi_multiobjective,COMPLETED,true,2995.358993,26.127,3066.556834,25.782,43585.814244701076,115
642754166,bo_qlognehvi_multiobjective,28,bo_qlognehvi_multiobjective,COMPLETED,true,3003.159204,26.052,3066.556834,25.782,43585.814244701076,119
642754166,bo_qlognehvi_multiobjective,29,bo_qlognehvi_multiobjective,COMPLETED,true,3011.628204,25.969,3066.556834,25.782,43585.814244701076,122
642754166,bo_qlognehvi_multiobjective,30,bo_qlognehvi_multiobjective,COMPLETED,true,3015.714984,27.395260000000007,3066.556834,25.782,43585.814244701076,129
740267717,random,1,random,COMPLETED,true,2391.529856,33.54885999999987,2391.529856,33.54885999999987,15428.093915236152,2
740267717,random,2,random,COMPLETED,true,2564.014408,31.937090000000083,2564.014408,31.937090000000083,20673.417410407066,6
740267717,random,3,random,COMPLETED,true,2520.422725,29.616090000000085,2564.014408,29.616090000000085,26523.31855513206,10
740267717,random,4,random,COMPLETED,true,2591.483017,28.945,2591.483017,28.945,28648.844752934998,11
740267717,random,5,random,COMPLETED,true,2677.077066,29.637,2677.077066,28.945,29535.855882721997,16
740267717,random,6,random,COMPLETED,true,2468.036616,35.356,2677.077066,28.945,29535.855882721997,18
740267717,random,7,random,COMPLETED,true,2377.293319,39.92487000000011,2677.077066,28.945,29535.855882721997,20
740267717,random,8,random,COMPLETED,true,2514.764437,31.4,2677.077066,28.945,29535.855882721997,25
740267717,random,9,random,COMPLETED,true,2576.830686,28.86122999999998,2677.077066,28.86122999999998,29751.716989288267,27
740267717,random,10,random,COMPLETED,true,2626.253999,29.377199999999952,2677.077066,28.86122999999998,29760.750490411865,29
740267717,random,11,random,COMPLETED,true,2515.791272,34.9768999999999,2677.077066,28.86122999999998,29760.750490411865,33
740267717,random,12,random,COMPLETED,true,2914.971639,27.428300000000046,2914.971639,27.428300000000046,36646.148954016164,38
740267717,random,13,random,COMPLETED,true,2479.36364,33.772,2914.971639,27.428300000000046,36646.148954016164,43
740267717,random,14,random,COMPLETED,true,2414.884388,32.66529999999981,2914.971639,27.428300000000046,36646.148954016164,48
740267717,random,15,random,COMPLETED,true,2587.69745,31.586969999999972,2914.971639,27.428300000000046,36646.148954016164,49
740267717,random,16,random,COMPLETED,true,2737.374719,29.078,2914.971639,27.428300000000046,36646.148954016164,54
740267717,random,17,random,COMPLETED,true,2411.113738,36.606,2914.971639,27.428300000000046,36646.148954016164,63
740267717,random,18,random,COMPLETED,true,2422.028907,32.621160000000145,2914.971639,27.428300000000046,36646.148954016164,65
740267717,random,19,random,COMPLETED,true,2418.541543,32.840590000000084,2914.971639,27.428300000000046,36646.148954016164,71
740267717,random,20,random,COMPLETED,true,2548.069327,30.403,2914.971639,27.428300000000046,36646.148954016164,78
740267717,random,21,random,COMPLETED,true,2552.393525,38.077,2914.971639,27.428300000000046,36646.148954016164,80
740267717,random,22,random,COMPLETED,true,2450.106522,34.137,2914.971639,27.428300000000046,36646.148954016164,89
740267717,random,23,random,COMPLETED,true,2467.887256,32.107,2914.971639,27.428300000000046,36646.148954016164,91
740267717,random,24,random,COMPLETED,true,2924.019484,27.727,2924.019484,27.428300000000046,36757.19315570117,96
740267717,random,25,random,COMPLETED,true,2444.82986,35.228,2924.019484,27.428300000000046,36757.19315570117,101
740267717,random,26,random,COMPLETED,true,2887.806172,27.724050000000048,2924.019484,27.428300000000046,36757.19315570117,109
740267717,random,27,random,COMPLETED,true,2793.194327,29.087,2924.019484,27.428300000000046,36757.19315570117,115
740267717,random,28,random,COMPLETED,true,2444.006946,36.202,2924.019484,27.428300000000046,36757.19315570117,119
740267717,random,29,random,COMPLETED,true,2395.791812,37.64832000000007,2924.019484,27.428300000000046,36757.19315570117,125
740267717,random,30,random,COMPLETED,true,2812.429178,29.414439999999946,2924.019484,27.428300000000046,36757.19315570117,127
740267717,sobol,1,sobol,COMPLETED,true,2543.794654,29.027,2543.794654,29.027,27913.058738341995,4
740267717,sobol,2,sobol,COMPLETED,true,2551.833563,37.97485999999987,2551.833563,29.027,27929.338654514257,7
740267717,sobol,3,sobol,COMPLETED,true,3030.143885,27.968,3030.143885,27.968,36458.69122432,9
740267717,sobol,4,sobol,COMPLETED,true,2455.186036,30.494,3030.143885,27.968,36458.69122432,13
740267717,sobol,5,sobol,COMPLETED,true,2476.294228,31.443,3030.143885,27.968,36458.69122432,15
740267717,sobol,6,sobol,COMPLETED,true,2709.538628,35.68410999999987,3030.143885,27.968,36458.69122432,17
740267717,sobol,7,sobol,COMPLETED,true,3025.192499,26.205,3030.143885,26.205,41792.105600057,21
740267717,sobol,8,sobol,COMPLETED,true,2453.93221,33.34737999999989,3030.143885,26.205,41792.105600057,23
740267717,sobol,9,sobol,COMPLETED,true,2504.900015,29.319669999999924,3030.143885,26.205,41792.105600057,28
740267717,sobol,10,sobol,COMPLETED,true,3013.983269,27.576479999999982,3030.143885,26.205,41792.105600057,30
740267717,sobol,11,sobol,COMPLETED,true,2761.722262,29.504,3030.143885,26.205,41792.105600057,35
740267717,sobol,12,sobol,COMPLETED,true,2473.788478,30.744,3030.143885,26.205,41792.105600057,37
740267717,sobol,13,sobol,COMPLETED,true,2548.912379,28.688439999999943,3030.143885,26.205,41792.105600057,39
740267717,sobol,14,sobol,COMPLETED,true,2933.839703,27.045,3030.143885,26.205,41792.105600057,45
740267717,sobol,15,sobol,COMPLETED,true,2825.475532,30.999080000000074,3030.143885,26.205,41792.105600057,51
740267717,sobol,16,sobol,COMPLETED,true,2463.344447,32.07171999999997,3030.143885,26.205,41792.105600057,58
740267717,sobol,17,sobol,COMPLETED,true,2890.098519,28.838,3030.143885,26.205,41792.105600057,61
740267717,sobol,18,sobol,COMPLETED,true,2469.614533,39.22012000000011,3030.143885,26.205,41792.105600057,69
740267717,sobol,19,sobol,COMPLETED,true,2409.194306,36.072,3030.143885,26.205,41792.105600057,73
740267717,sobol,20,sobol,COMPLETED,true,2813.300226,28.489,3030.143885,26.205,41792.105600057,75
740267717,sobol,21,sobol,COMPLETED,true,2969.447051,27.477,3030.143885,26.205,41792.105600057,82
740267717,sobol,22,sobol,COMPLETED,true,2437.728729,36.970149999999904,3030.143885,26.205,41792.105600057,87
740267717,sobol,23,sobol,COMPLETED,true,2476.774005,35.589,3030.143885,26.205,41792.105600057,92
740267717,sobol,24,sobol,COMPLETED,true,2639.049228,33.768,3030.143885,26.205,41792.105600057,95
740267717,sobol,25,sobol,COMPLETED,true,2685.943088,28.558,3030.143885,26.205,41792.105600057,104
740267717,sobol,26,sobol,COMPLETED,true,2444.236223,34.429,3030.143885,26.205,41792.105600057,107
740267717,sobol,27,sobol,COMPLETED,true,2501.266065,36.874,3030.143885,26.205,41792.105600057,114
740267717,sobol,28,sobol,COMPLETED,true,2871.249532,28.238,3030.143885,26.205,41792.105600057,118
740267717,sobol,29,sobol,COMPLETED,true,2479.824337,31.722,3030.143885,26.205,41792.105600057,122
740267717,sobol,30,sobol,COMPLETED,true,2341.92415,39.2882200000002,3030.143885,26.205,41792.105600057,130
740267717,bo_qlognei_throughput,1,bo_shared_initial,COMPLETED,true,2490.826639,34.68446999999997,2490.826639,34.68446999999997,13240.063724403746,3
740267717,bo_qlognei_throughput,2,bo_shared_initial,COMPLETED,true,2596.214649,28.724,2596.214649,28.724,29274.916382124,5
740267717,bo_qlognei_throughput,3,bo_shared_initial,COMPLETED,true,2493.169591,29.959800000000048,2596.214649,28.724,29274.916382124,8
740267717,bo_qlognei_throughput,4,bo_shared_initial,COMPLETED,true,3003.312246,26.988,3003.312246,26.988,39079.098944952,12
740267717,bo_qlognei_throughput,5,bo_shared_initial,COMPLETED,true,2834.198264,29.484,3003.312246,26.988,39079.098944952,14
740267717,bo_qlognei_throughput,6,bo_shared_initial,COMPLETED,true,2432.069403,33.830149999999904,3003.312246,26.988,39079.098944952,19
740267717,bo_qlognei_throughput,7,bo_shared_initial,COMPLETED,true,2440.936162,32.523439999999944,3003.312246,26.988,39079.098944952,22
740267717,bo_qlognei_throughput,8,bo_shared_initial,COMPLETED,true,3029.744672,26.38,3029.744672,26.38,41265.12243264,24
740267717,bo_qlognei_throughput,9,bo_shared_initial,COMPLETED,true,3023.511842,26.526949999999953,3029.744672,26.38,41265.12243264,26
740267717,bo_qlognei_throughput,10,bo_shared_initial,COMPLETED,true,2508.612456,29.595,3029.744672,26.38,41265.12243264,31
740267717,bo_qlognei_throughput,11,bo_shared_initial,COMPLETED,true,2523.770315,29.20183999999985,3029.744672,26.38,41265.12243264,32
740267717,bo_qlognei_throughput,12,bo_shared_initial,COMPLETED,true,2639.364509,32.866,3029.744672,26.38,41265.12243264,36
740267717,bo_qlognei_throughput,13,bo_qlognei_throughput,COMPLETED,true,2854.236178,28.724,3029.744672,26.38,41265.12243264,42
740267717,bo_qlognei_throughput,14,bo_qlognei_throughput,COMPLETED,true,2966.368416,28.218709999999962,3029.744672,26.38,41265.12243264,44
740267717,bo_qlognei_throughput,15,bo_qlognei_throughput,COMPLETED,true,2985.492139,26.48471999999997,3029.744672,26.38,41265.12243264,52
740267717,bo_qlognei_throughput,16,bo_qlognei_throughput,COMPLETED,true,3000.884144,26.154,3029.744672,26.154,41943.32224918399,56
740267717,bo_qlognei_throughput,17,bo_qlognei_throughput,COMPLETED,true,3021.702377,27.454,3029.744672,26.154,41943.32224918399,59
740267717,bo_qlognei_throughput,18,bo_qlognei_throughput,COMPLETED,true,2989.576253,26.34,3029.744672,26.154,41943.32224918399,67
740267717,bo_qlognei_throughput,19,bo_qlognei_throughput,COMPLETED,true,2982.184914,26.913,3029.744672,26.154,41943.32224918399,70
740267717,bo_qlognei_throughput,20,bo_qlognei_throughput,COMPLETED,true,3035.259746,25.997,3035.259746,25.997,42502.742223238005,77
740267717,bo_qlognei_throughput,21,bo_qlognei_throughput,COMPLETED,true,3008.10321,26.344,3035.259746,25.997,42502.742223238005,81
740267717,bo_qlognei_throughput,22,bo_qlognei_throughput,COMPLETED,true,2986.804617,27.435,3035.259746,25.997,42502.742223238005,88
740267717,bo_qlognei_throughput,23,bo_qlognei_throughput,COMPLETED,true,2959.951715,26.983909999999916,3035.259746,25.997,42502.742223238005,93
740267717,bo_qlognei_throughput,24,bo_qlognei_throughput,COMPLETED,true,2964.032051,27.19483999999985,3035.259746,25.997,42502.742223238005,100
740267717,bo_qlognei_throughput,25,bo_qlognei_throughput,COMPLETED,true,2970.470919,26.948,3035.259746,25.997,42502.742223238005,103
740267717,bo_qlognei_throughput,26,bo_qlognei_throughput,COMPLETED,true,2913.537923,28.882,3035.259746,25.997,42502.742223238005,110
740267717,bo_qlognei_throughput,27,bo_qlognei_throughput,COMPLETED,true,2976.930459,27.563,3035.259746,25.997,42502.742223238005,113
740267717,bo_qlognei_throughput,28,bo_qlognei_throughput,COMPLETED,true,2977.946861,26.208,3035.259746,25.997,42502.742223238005,116
740267717,bo_qlognei_throughput,29,bo_qlognei_throughput,COMPLETED,true,2832.609838,28.204,3035.259746,25.997,42502.742223238005,121
740267717,bo_qlognei_throughput,30,bo_qlognei_throughput,COMPLETED,true,2906.024384,27.485,3035.259746,25.997,42502.742223238005,128
740267717,bo_qlognparego_multiobjective,1,bo_shared_initial,COMPLETED,true,2490.826639,34.68446999999997,2490.826639,34.68446999999997,13240.063724403746,3
740267717,bo_qlognparego_multiobjective,2,bo_shared_initial,COMPLETED,true,2596.214649,28.724,2596.214649,28.724,29274.916382124,5
740267717,bo_qlognparego_multiobjective,3,bo_shared_initial,COMPLETED,true,2493.169591,29.959800000000048,2596.214649,28.724,29274.916382124,8
740267717,bo_qlognparego_multiobjective,4,bo_shared_initial,COMPLETED,true,3003.312246,26.988,3003.312246,26.988,39079.098944952,12
740267717,bo_qlognparego_multiobjective,5,bo_shared_initial,COMPLETED,true,2834.198264,29.484,3003.312246,26.988,39079.098944952,14
740267717,bo_qlognparego_multiobjective,6,bo_shared_initial,COMPLETED,true,2432.069403,33.830149999999904,3003.312246,26.988,39079.098944952,19
740267717,bo_qlognparego_multiobjective,7,bo_shared_initial,COMPLETED,true,2440.936162,32.523439999999944,3003.312246,26.988,39079.098944952,22
740267717,bo_qlognparego_multiobjective,8,bo_shared_initial,COMPLETED,true,3029.744672,26.38,3029.744672,26.38,41265.12243264,24
740267717,bo_qlognparego_multiobjective,9,bo_shared_initial,COMPLETED,true,3023.511842,26.526949999999953,3029.744672,26.38,41265.12243264,26
740267717,bo_qlognparego_multiobjective,10,bo_shared_initial,COMPLETED,true,2508.612456,29.595,3029.744672,26.38,41265.12243264,31
740267717,bo_qlognparego_multiobjective,11,bo_shared_initial,COMPLETED,true,2523.770315,29.20183999999985,3029.744672,26.38,41265.12243264,32
740267717,bo_qlognparego_multiobjective,12,bo_shared_initial,COMPLETED,true,2639.364509,32.866,3029.744672,26.38,41265.12243264,36
740267717,bo_qlognparego_multiobjective,13,bo_qlognparego_multiobjective,COMPLETED,true,2949.789662,28.829080000000076,3029.744672,26.38,41265.12243264,40
740267717,bo_qlognparego_multiobjective,14,bo_qlognparego_multiobjective,COMPLETED,true,2974.265787,26.496,3029.744672,26.38,41265.12243264,47
740267717,bo_qlognparego_multiobjective,15,bo_qlognparego_multiobjective,COMPLETED,true,3010.847814,26.650580000000073,3029.744672,26.38,41265.12243264,53
740267717,bo_qlognparego_multiobjective,16,bo_qlognparego_multiobjective,COMPLETED,true,3030.589201,26.255,3030.589201,26.255,41655.448567745,55
740267717,bo_qlognparego_multiobjective,17,bo_qlognparego_multiobjective,COMPLETED,true,3049.080187,25.681419999999925,3049.080187,25.681419999999925,43658.49858397469,62
740267717,bo_qlognparego_multiobjective,18,bo_qlognparego_multiobjective,COMPLETED,true,2959.151591,27.655,3049.080187,25.681419999999925,43658.49858397469,64
740267717,bo_qlognparego_multiobjective,19,bo_qlognparego_multiobjective,COMPLETED,true,2998.600725,27.209,3049.080187,25.681419999999925,43658.49858397469,72
740267717,bo_qlognparego_multiobjective,20,bo_qlognparego_multiobjective,COMPLETED,true,2976.005018,26.802,3049.080187,25.681419999999925,43658.49858397469,79
740267717,bo_qlognparego_multiobjective,21,bo_qlognparego_multiobjective,COMPLETED,true,2950.04979,27.249,3049.080187,25.681419999999925,43658.49858397469,83
740267717,bo_qlognparego_multiobjective,22,bo_qlognparego_multiobjective,COMPLETED,true,2970.142584,27.301,3049.080187,25.681419999999925,43658.49858397469,85
740267717,bo_qlognparego_multiobjective,23,bo_qlognparego_multiobjective,COMPLETED,true,3009.671911,26.401,3049.080187,25.681419999999925,43658.49858397469,94
740267717,bo_qlognparego_multiobjective,24,bo_qlognparego_multiobjective,COMPLETED,true,2982.882662,26.659,3049.080187,25.681419999999925,43658.49858397469,98
740267717,bo_qlognparego_multiobjective,25,bo_qlognparego_multiobjective,COMPLETED,true,2987.420812,26.279,3049.080187,25.681419999999925,43658.49858397469,102
740267717,bo_qlognparego_multiobjective,26,bo_qlognparego_multiobjective,COMPLETED,true,2955.822962,26.897,3049.080187,25.681419999999925,43658.49858397469,108
740267717,bo_qlognparego_multiobjective,27,bo_qlognparego_multiobjective,COMPLETED,true,2960.27262,27.795,3049.080187,25.681419999999925,43658.49858397469,112
740267717,bo_qlognparego_multiobjective,28,bo_qlognparego_multiobjective,COMPLETED,true,2960.525107,26.805,3049.080187,25.681419999999925,43658.49858397469,120
740267717,bo_qlognparego_multiobjective,29,bo_qlognparego_multiobjective,COMPLETED,true,2966.907787,26.444,3049.080187,25.681419999999925,43658.49858397469,124
740267717,bo_qlognparego_multiobjective,30,bo_qlognparego_multiobjective,COMPLETED,true,2946.778433,26.821,3049.080187,25.681419999999925,43658.49858397469,129
740267717,bo_qlognehvi_multiobjective,1,bo_shared_initial,COMPLETED,true,2490.826639,34.68446999999997,2490.826639,34.68446999999997,13240.063724403746,3
740267717,bo_qlognehvi_multiobjective,2,bo_shared_initial,COMPLETED,true,2596.214649,28.724,2596.214649,28.724,29274.916382124,5
740267717,bo_qlognehvi_multiobjective,3,bo_shared_initial,COMPLETED,true,2493.169591,29.959800000000048,2596.214649,28.724,29274.916382124,8
740267717,bo_qlognehvi_multiobjective,4,bo_shared_initial,COMPLETED,true,3003.312246,26.988,3003.312246,26.988,39079.098944952,12
740267717,bo_qlognehvi_multiobjective,5,bo_shared_initial,COMPLETED,true,2834.198264,29.484,3003.312246,26.988,39079.098944952,14
740267717,bo_qlognehvi_multiobjective,6,bo_shared_initial,COMPLETED,true,2432.069403,33.830149999999904,3003.312246,26.988,39079.098944952,19
740267717,bo_qlognehvi_multiobjective,7,bo_shared_initial,COMPLETED,true,2440.936162,32.523439999999944,3003.312246,26.988,39079.098944952,22
740267717,bo_qlognehvi_multiobjective,8,bo_shared_initial,COMPLETED,true,3029.744672,26.38,3029.744672,26.38,41265.12243264,24
740267717,bo_qlognehvi_multiobjective,9,bo_shared_initial,COMPLETED,true,3023.511842,26.526949999999953,3029.744672,26.38,41265.12243264,26
740267717,bo_qlognehvi_multiobjective,10,bo_shared_initial,COMPLETED,true,2508.612456,29.595,3029.744672,26.38,41265.12243264,31
740267717,bo_qlognehvi_multiobjective,11,bo_shared_initial,COMPLETED,true,2523.770315,29.20183999999985,3029.744672,26.38,41265.12243264,32
740267717,bo_qlognehvi_multiobjective,12,bo_shared_initial,COMPLETED,true,2639.364509,32.866,3029.744672,26.38,41265.12243264,36
740267717,bo_qlognehvi_multiobjective,13,bo_qlognehvi_multiobjective,COMPLETED,true,2961.185437,27.826,3029.744672,26.38,41265.12243264,41
740267717,bo_qlognehvi_multiobjective,14,bo_qlognehvi_multiobjective,COMPLETED,true,2966.594211,26.631,3029.744672,26.38,41265.12243264,46
740267717,bo_qlognehvi_multiobjective,15,bo_qlognehvi_multiobjective,COMPLETED,true,2911.593095,26.81960999999987,3029.744672,26.38,41265.12243264,50
740267717,bo_qlognehvi_multiobjective,16,bo_qlognehvi_multiobjective,COMPLETED,true,3001.57286,27.374639999999896,3029.744672,26.38,41265.12243264,57
740267717,bo_qlognehvi_multiobjective,17,bo_qlognehvi_multiobjective,COMPLETED,true,3021.173209,26.635,3029.744672,26.38,41265.12243264,60
740267717,bo_qlognehvi_multiobjective,18,bo_qlognehvi_multiobjective,COMPLETED,true,2977.580281,26.772,3029.744672,26.38,41265.12243264,68
740267717,bo_qlognehvi_multiobjective,19,bo_qlognehvi_multiobjective,COMPLETED,true,2978.822977,27.74637999999989,3029.744672,26.38,41265.12243264,74
740267717,bo_qlognehvi_multiobjective,20,bo_qlognehvi_multiobjective,COMPLETED,true,3030.573161,26.17,3030.573161,26.17,41912.82681662999,76
740267717,bo_qlognehvi_multiobjective,21,bo_qlognehvi_multiobjective,COMPLETED,true,2993.912547,28.504,3030.573161,26.17,41912.82681662999,84
740267717,bo_qlognehvi_multiobjective,22,bo_qlognehvi_multiobjective,COMPLETED,true,3009.505097,26.213,3030.573161,26.17,41912.82681662999,86
740267717,bo_qlognehvi_multiobjective,23,bo_qlognehvi_multiobjective,COMPLETED,true,2973.95866,27.291,3030.573161,26.17,41912.82681662999,90
740267717,bo_qlognehvi_multiobjective,24,bo_qlognehvi_multiobjective,COMPLETED,true,2858.454113,29.045,3030.573161,26.17,41912.82681662999,97
740267717,bo_qlognehvi_multiobjective,25,bo_qlognehvi_multiobjective,COMPLETED,true,2972.141219,26.722790000000035,3030.573161,26.17,41912.82681662999,105
740267717,bo_qlognehvi_multiobjective,26,bo_qlognehvi_multiobjective,COMPLETED,true,2989.727157,26.480570000000068,3030.573161,26.17,41912.82681662999,106
740267717,bo_qlognehvi_multiobjective,27,bo_qlognehvi_multiobjective,COMPLETED,true,2945.890962,27.468850000000096,3030.573161,26.17,41912.82681662999,111
740267717,bo_qlognehvi_multiobjective,28,bo_qlognehvi_multiobjective,COMPLETED,true,2980.50655,27.511,3030.573161,26.17,41912.82681662999,117
740267717,bo_qlognehvi_multiobjective,29,bo_qlognehvi_multiobjective,COMPLETED,true,2446.686064,34.949,3030.573161,26.17,41912.82681662999,123
740267717,bo_qlognehvi_multiobjective,30,bo_qlognehvi_multiobjective,COMPLETED,true,2852.902069,27.575,3030.573161,26.17,41912.82681662999,126
1418705027,random,1,random,COMPLETED,true,2464.111692,31.319,2464.111692,31.319,21390.953598252003,4
1418705027,random,2,random,COMPLETED,true,2489.560463,36.942,2489.560463,31.319,21468.77593997,5
1418705027,random,3,random,COMPLETED,true,2498.872753,35.10230000000004,2498.872753,31.319,21561.202846711698,10
1418705027,random,4,random,COMPLETED,true,2746.655946,29.33,2746.655946,29.33,29306.818943820002,11
1418705027,random,5,random,COMPLETED,true,2570.609791,32.272290000000034,2746.655946,29.33,29306.818943820002,14
1418705027,random,6,random,COMPLETED,true,3017.796796,25.91361999999988,3017.796796,25.91361999999988,42509.83243123884,17
1418705027,random,7,random,COMPLETED,true,2860.624567,29.356229999999982,3017.796796,25.91361999999988,42509.83243123884,22
1418705027,random,8,random,COMPLETED,true,3090.662655,26.810780000000026,3090.662655,25.91361999999988,43470.87627607882,24
1418705027,random,9,random,COMPLETED,true,2652.607088,29.341,3090.662655,25.91361999999988,43470.87627607882,27
1418705027,random,10,random,COMPLETED,true,2780.002761,30.289,3090.662655,25.91361999999988,43470.87627607882,30
1418705027,random,11,random,COMPLETED,true,2620.078323,28.051,3090.662655,25.91361999999988,43470.87627607882,33
1418705027,random,12,random,COMPLETED,true,2593.330548,28.668639999999897,3090.662655,25.91361999999988,43470.87627607882,37
1418705027,random,13,random,COMPLETED,true,2597.424446,29.891,3090.662655,25.91361999999988,43470.87627607882,40
1418705027,random,14,random,COMPLETED,true,2654.073249,29.498,3090.662655,25.91361999999988,43470.87627607882,46
1418705027,random,15,random,COMPLETED,true,2694.382791,28.978,3090.662655,25.91361999999988,43470.87627607882,50
1418705027,random,16,random,COMPLETED,true,3060.045754,27.11,3090.662655,25.91361999999988,43470.87627607882,57
1418705027,random,17,random,COMPLETED,true,2533.19884,28.94677000000002,3090.662655,25.91361999999988,43470.87627607882,63
1418705027,random,18,random,COMPLETED,true,2640.986738,29.736609999999867,3090.662655,25.91361999999988,43470.87627607882,64
1418705027,random,19,random,COMPLETED,true,2626.290884,30.19,3090.662655,25.91361999999988,43470.87627607882,74
1418705027,random,20,random,COMPLETED,true,2536.308985,28.974300000000046,3090.662655,25.91361999999988,43470.87627607882,79
1418705027,random,21,random,COMPLETED,true,2691.832223,29.31135999999987,3090.662655,25.91361999999988,43470.87627607882,81
1418705027,random,22,random,COMPLETED,true,2799.744675,31.203,3090.662655,25.91361999999988,43470.87627607882,89
1418705027,random,23,random,COMPLETED,true,2969.737838,26.59210000000009,3090.662655,25.91361999999988,43470.87627607882,94
1418705027,random,24,random,COMPLETED,true,2691.402036,27.864,3090.662655,25.91361999999988,43470.87627607882,100
1418705027,random,25,random,COMPLETED,true,2557.037814,28.93498999999999,3090.662655,25.91361999999988,43470.87627607882,105
1418705027,random,26,random,COMPLETED,true,2907.05835,28.759300000000046,3090.662655,25.91361999999988,43470.87627607882,110
1418705027,random,27,random,COMPLETED,true,2808.439031,28.495,3090.662655,25.91361999999988,43470.87627607882,112
1418705027,random,28,random,COMPLETED,true,2947.795236,27.975,3090.662655,25.91361999999988,43470.87627607882,119
1418705027,random,29,random,COMPLETED,true,2827.635787,28.131830000000075,3090.662655,25.91361999999988,43470.87627607882,124
1418705027,random,30,random,COMPLETED,true,2502.343663,34.892899999999905,3090.662655,25.91361999999988,43470.87627607882,128
1418705027,sobol,1,sobol,COMPLETED,true,2437.235447,34.997,2437.235447,34.997,12193.488941341,2
1418705027,sobol,2,sobol,COMPLETED,true,2826.242357,28.69587999999989,2826.242357,28.69587999999989,31948.182752611156,6
1418705027,sobol,3,sobol,COMPLETED,true,2599.748641,30.971,2826.242357,28.69587999999989,31948.182752611156,8
1418705027,sobol,4,sobol,COMPLETED,true,2525.17864,36.0516100000001,2826.242357,28.69587999999989,31948.182752611156,12
1418705027,sobol,5,sobol,COMPLETED,true,2464.564559,36.142419999999696,2826.242357,28.69587999999989,31948.182752611156,15
1418705027,sobol,6,sobol,COMPLETED,true,3009.947307,26.879,3009.947307,26.879,39493.518615147,19
1418705027,sobol,7,sobol,COMPLETED,true,2585.202924,32.162169999999925,3009.947307,26.879,39493.518615147,21
1418705027,sobol,8,sobol,COMPLETED,true,2701.430534,28.86337999999989,3009.947307,26.879,39493.518615147,23
1418705027,sobol,9,sobol,COMPLETED,true,2597.303287,30.538340000000083,3009.947307,26.879,39493.518615147,28
1418705027,sobol,10,sobol,COMPLETED,true,2860.971291,27.586,3009.947307,26.879,39493.518615147,31
1418705027,sobol,11,sobol,COMPLETED,true,2934.023633,27.722159999999917,3009.947307,26.879,39493.518615147,32
1418705027,sobol,12,sobol,COMPLETED,true,2611.61891,32.231929999999934,3009.947307,26.879,39493.518615147,38
1418705027,sobol,13,sobol,COMPLETED,true,2629.791698,33.489,3009.947307,26.879,39493.518615147,41
1418705027,sobol,14,sobol,COMPLETED,true,2626.127965,28.703,3009.947307,26.879,39493.518615147,45
1418705027,sobol,15,sobol,COMPLETED,true,3043.274197,27.19835999999987,3043.274197,26.879,39920.15746324661,53
1418705027,sobol,16,sobol,COMPLETED,true,2648.545364,28.064,3043.274197,26.879,39920.15746324661,58
1418705027,sobol,17,sobol,COMPLETED,true,2625.43128,34.71868000000017,3043.274197,26.879,39920.15746324661,61
1418705027,sobol,18,sobol,COMPLETED,true,2542.584031,29.620560000000058,3043.274197,26.879,39920.15746324661,65
1418705027,sobol,19,sobol,COMPLETED,true,2588.128398,28.256030000000028,3043.274197,26.879,39920.15746324661,72
1418705027,sobol,20,sobol,COMPLETED,true,3082.545032,27.01348999999999,3082.545032,26.879,40436.309696836746,76
1418705027,sobol,21,sobol,COMPLETED,true,2832.75401,29.439,3082.545032,26.879,40436.309696836746,82
1418705027,sobol,22,sobol,COMPLETED,true,2542.687558,29.001,3082.545032,26.879,40436.309696836746,88
1418705027,sobol,23,sobol,COMPLETED,true,2533.162049,28.332,3082.545032,26.879,40436.309696836746,93
1418705027,sobol,24,sobol,COMPLETED,true,2855.280136,28.438070000000064,3082.545032,26.879,40436.309696836746,97
1418705027,sobol,25,sobol,COMPLETED,true,2952.22684,29.30522999999998,3082.545032,26.879,40436.309696836746,102
1418705027,sobol,26,sobol,COMPLETED,true,2497.876011,31.802,3082.545032,26.879,40436.309696836746,106
1418705027,sobol,27,sobol,COMPLETED,true,2492.01385,31.763929999999934,3082.545032,26.879,40436.309696836746,111
1418705027,sobol,28,sobol,COMPLETED,true,2624.576183,32.27555000000028,3082.545032,26.879,40436.309696836746,116
1418705027,sobol,29,sobol,COMPLETED,true,2998.161785,27.19876000000001,3082.545032,26.879,40436.309696836746,125
1418705027,sobol,30,sobol,COMPLETED,true,2435.423301,29.553,3082.545032,26.879,40436.309696836746,126
1418705027,bo_qlognei_throughput,1,bo_shared_initial,COMPLETED,true,2913.013304,28.227,2913.013304,28.227,34294.905627992,3
1418705027,bo_qlognei_throughput,2,bo_shared_initial,COMPLETED,true,2471.324092,30.067,2913.013304,28.227,34294.905627992,7
1418705027,bo_qlognei_throughput,3,bo_shared_initial,COMPLETED,true,2375.756807,38.635459999999966,2913.013304,28.227,34294.905627992,9
1418705027,bo_qlognei_throughput,4,bo_shared_initial,COMPLETED,true,2823.113176,30.351,2913.013304,28.227,34294.905627992,13
1418705027,bo_qlognei_throughput,5,bo_shared_initial,COMPLETED,true,2828.247293,30.494,2913.013304,28.227,34294.905627992,16
1418705027,bo_qlognei_throughput,6,bo_shared_initial,COMPLETED,true,2610.311589,28.51826000000001,2913.013304,28.227,34294.905627992,18
1418705027,bo_qlognei_throughput,7,bo_shared_initial,COMPLETED,true,2658.239301,28.539,2913.013304,28.227,34294.905627992,20
1418705027,bo_qlognei_throughput,8,bo_shared_initial,COMPLETED,true,2728.417313,32.832,2913.013304,28.227,34294.905627992,25
1418705027,bo_qlognei_throughput,9,bo_shared_initial,COMPLETED,true,2950.387827,27.592080000000074,2950.387827,27.592080000000074,36608.17612638962,26
1418705027,bo_qlognei_throughput,10,bo_shared_initial,COMPLETED,true,2634.877324,28.868,2950.387827,27.592080000000074,36608.17612638962,29
1418705027,bo_qlognei_throughput,11,bo_shared_initial,COMPLETED,true,2611.510766,28.232,2950.387827,27.592080000000074,36608.17612638962,35
1418705027,bo_qlognei_throughput,12,bo_shared_initial,COMPLETED,true,3113.664716,26.242,3113.664716,26.242,42837.799162728,36
1418705027,bo_qlognei_throughput,13,bo_qlognei_throughput,COMPLETED,true,3092.441367,26.135,3113.664716,26.135,43168.690388997,42
1418705027,bo_qlognei_throughput,14,bo_qlognei_throughput,COMPLETED,true,3068.021506,26.853,3113.664716,26.135,43168.690388997,44
1418705027,bo_qlognei_throughput,15,bo_qlognei_throughput,COMPLETED,true,3082.101553,26.264,3113.664716,26.135,43168.690388997,51
1418705027,bo_qlognei_throughput,16,bo_qlognei_throughput,COMPLETED,true,3021.438336,27.387,3113.664716,26.135,43168.690388997,56
1418705027,bo_qlognei_throughput,17,bo_qlognei_throughput,COMPLETED,true,3043.828411,26.365,3113.664716,26.135,43168.690388997,62
1418705027,bo_qlognei_throughput,18,bo_qlognei_throughput,COMPLETED,true,3055.713614,26.749,3113.664716,26.135,43168.690388997,67
1418705027,bo_qlognei_throughput,19,bo_qlognei_throughput,COMPLETED,true,3069.392681,27.009,3113.664716,26.135,43168.690388997,71
1418705027,bo_qlognei_throughput,20,bo_qlognei_throughput,COMPLETED,true,3031.044039,27.067,3113.664716,26.135,43168.690388997,77
1418705027,bo_qlognei_throughput,21,bo_qlognei_throughput,COMPLETED,true,3056.121712,25.748,3113.664716,25.748,44351.409491540995,84
1418705027,bo_qlognei_throughput,22,bo_qlognei_throughput,COMPLETED,true,3068.93188,26.204,3113.664716,25.748,44351.409491540995,85
1418705027,bo_qlognei_throughput,23,bo_qlognei_throughput,COMPLETED,true,3043.953541,26.485270000000018,3113.664716,25.748,44351.409491540995,90
1418705027,bo_qlognei_throughput,24,bo_qlognei_throughput,COMPLETED,true,2989.142501,27.380359999999868,3113.664716,25.748,44351.409491540995,98
1418705027,bo_qlognei_throughput,25,bo_qlognei_throughput,COMPLETED,true,2997.822104,26.641,3113.664716,25.748,44351.409491540995,104
1418705027,bo_qlognei_throughput,26,bo_qlognei_throughput,COMPLETED,true,3018.979823,26.476,3113.664716,25.748,44351.409491540995,109
1418705027,bo_qlognei_throughput,27,bo_qlognei_throughput,COMPLETED,true,3013.291818,26.093,3113.664716,25.748,44351.409491540995,115
1418705027,bo_qlognei_throughput,28,bo_qlognei_throughput,COMPLETED,true,3013.326702,26.281,3113.664716,25.748,44351.409491540995,120
1418705027,bo_qlognei_throughput,29,bo_qlognei_throughput,COMPLETED,true,2967.87986,26.971,3113.664716,25.748,44351.409491540995,123
1418705027,bo_qlognei_throughput,30,bo_qlognei_throughput,COMPLETED,true,2832.16265,28.505,3113.664716,25.748,44351.409491540995,130
1418705027,bo_qlognparego_multiobjective,1,bo_shared_initial,COMPLETED,true,2913.013304,28.227,2913.013304,28.227,34294.905627992,3
1418705027,bo_qlognparego_multiobjective,2,bo_shared_initial,COMPLETED,true,2471.324092,30.067,2913.013304,28.227,34294.905627992,7
1418705027,bo_qlognparego_multiobjective,3,bo_shared_initial,COMPLETED,true,2375.756807,38.635459999999966,2913.013304,28.227,34294.905627992,9
1418705027,bo_qlognparego_multiobjective,4,bo_shared_initial,COMPLETED,true,2823.113176,30.351,2913.013304,28.227,34294.905627992,13
1418705027,bo_qlognparego_multiobjective,5,bo_shared_initial,COMPLETED,true,2828.247293,30.494,2913.013304,28.227,34294.905627992,16
1418705027,bo_qlognparego_multiobjective,6,bo_shared_initial,COMPLETED,true,2610.311589,28.51826000000001,2913.013304,28.227,34294.905627992,18
1418705027,bo_qlognparego_multiobjective,7,bo_shared_initial,COMPLETED,true,2658.239301,28.539,2913.013304,28.227,34294.905627992,20
1418705027,bo_qlognparego_multiobjective,8,bo_shared_initial,COMPLETED,true,2728.417313,32.832,2913.013304,28.227,34294.905627992,25
1418705027,bo_qlognparego_multiobjective,9,bo_shared_initial,COMPLETED,true,2950.387827,27.592080000000074,2950.387827,27.592080000000074,36608.17612638962,26
1418705027,bo_qlognparego_multiobjective,10,bo_shared_initial,COMPLETED,true,2634.877324,28.868,2950.387827,27.592080000000074,36608.17612638962,29
1418705027,bo_qlognparego_multiobjective,11,bo_shared_initial,COMPLETED,true,2611.510766,28.232,2950.387827,27.592080000000074,36608.17612638962,35
1418705027,bo_qlognparego_multiobjective,12,bo_shared_initial,COMPLETED,true,3113.664716,26.242,3113.664716,26.242,42837.799162728,36
1418705027,bo_qlognparego_multiobjective,13,bo_qlognparego_multiobjective,COMPLETED,true,3064.824022,26.359,3113.664716,26.242,42837.799162728,43
1418705027,bo_qlognparego_multiobjective,14,bo_qlognparego_multiobjective,COMPLETED,true,3067.224072,26.6,3113.664716,26.242,42837.799162728,47
1418705027,bo_qlognparego_multiobjective,15,bo_qlognparego_multiobjective,COMPLETED,true,3056.315003,27.06836999999988,3113.664716,26.242,42837.799162728,49
1418705027,bo_qlognparego_multiobjective,16,bo_qlognparego_multiobjective,COMPLETED,true,3051.099373,26.197,3113.664716,26.197,42975.09863451301,55
1418705027,bo_qlognparego_multiobjective,17,bo_qlognparego_multiobjective,COMPLETED,true,3029.639891,26.839,3113.664716,26.197,42975.09863451301,59
1418705027,bo_qlognparego_multiobjective,18,bo_qlognparego_multiobjective,COMPLETED,true,3023.745387,26.899,3113.664716,26.197,42975.09863451301,69
1418705027,bo_qlognparego_multiobjective,19,bo_qlognparego_multiobjective,COMPLETED,true,3068.75524,26.141,3113.664716,26.141,43147.74344196801,73
1418705027,bo_qlognparego_multiobjective,20,bo_qlognparego_multiobjective,COMPLETED,true,3017.727669,26.803,3113.664716,26.141,43147.74344196801,75
1418705027,bo_qlognparego_multiobjective,21,bo_qlognparego_multiobjective,COMPLETED,true,3020.785855,26.716,3113.664716,26.141,43147.74344196801,83
1418705027,bo_qlognparego_multiobjective,22,bo_qlognparego_multiobjective,COMPLETED,true,3019.641111,26.36352000000002,3113.664716,26.141,43147.74344196801,86
1418705027,bo_qlognparego_multiobjective,23,bo_qlognparego_multiobjective,COMPLETED,true,3057.018346,25.816,3113.664716,25.816,44141.27440441801,92
1418705027,bo_qlognparego_multiobjective,24,bo_qlognparego_multiobjective,COMPLETED,true,3021.223306,26.574929999999934,3113.664716,25.816,44141.27440441801,95
1418705027,bo_qlognparego_multiobjective,25,bo_qlognparego_multiobjective,COMPLETED,true,2981.241351,27.59223999999999,3113.664716,25.816,44141.27440441801,103
1418705027,bo_qlognparego_multiobjective,26,bo_qlognparego_multiobjective,COMPLETED,true,3039.610996,26.276279999999794,3113.664716,25.816,44141.27440441801,108
1418705027,bo_qlognparego_multiobjective,27,bo_qlognparego_multiobjective,COMPLETED,true,2948.494439,27.154639999999898,3113.664716,25.816,44141.27440441801,113
1418705027,bo_qlognparego_multiobjective,28,bo_qlognparego_multiobjective,COMPLETED,true,2995.657772,26.628,3113.664716,25.816,44141.27440441801,117
1418705027,bo_qlognparego_multiobjective,29,bo_qlognparego_multiobjective,COMPLETED,true,2977.47736,25.913,3113.664716,25.816,44141.27440441801,121
1418705027,bo_qlognparego_multiobjective,30,bo_qlognparego_multiobjective,COMPLETED,true,2970.854114,26.723,3113.664716,25.816,44141.27440441801,127
1418705027,bo_qlognehvi_multiobjective,1,bo_shared_initial,COMPLETED,true,2913.013304,28.227,2913.013304,28.227,34294.905627992,3
1418705027,bo_qlognehvi_multiobjective,2,bo_shared_initial,COMPLETED,true,2471.324092,30.067,2913.013304,28.227,34294.905627992,7
1418705027,bo_qlognehvi_multiobjective,3,bo_shared_initial,COMPLETED,true,2375.756807,38.635459999999966,2913.013304,28.227,34294.905627992,9
1418705027,bo_qlognehvi_multiobjective,4,bo_shared_initial,COMPLETED,true,2823.113176,30.351,2913.013304,28.227,34294.905627992,13
1418705027,bo_qlognehvi_multiobjective,5,bo_shared_initial,COMPLETED,true,2828.247293,30.494,2913.013304,28.227,34294.905627992,16
1418705027,bo_qlognehvi_multiobjective,6,bo_shared_initial,COMPLETED,true,2610.311589,28.51826000000001,2913.013304,28.227,34294.905627992,18
1418705027,bo_qlognehvi_multiobjective,7,bo_shared_initial,COMPLETED,true,2658.239301,28.539,2913.013304,28.227,34294.905627992,20
1418705027,bo_qlognehvi_multiobjective,8,bo_shared_initial,COMPLETED,true,2728.417313,32.832,2913.013304,28.227,34294.905627992,25
1418705027,bo_qlognehvi_multiobjective,9,bo_shared_initial,COMPLETED,true,2950.387827,27.592080000000074,2950.387827,27.592080000000074,36608.17612638962,26
1418705027,bo_qlognehvi_multiobjective,10,bo_shared_initial,COMPLETED,true,2634.877324,28.868,2950.387827,27.592080000000074,36608.17612638962,29
1418705027,bo_qlognehvi_multiobjective,11,bo_shared_initial,COMPLETED,true,2611.510766,28.232,2950.387827,27.592080000000074,36608.17612638962,35
1418705027,bo_qlognehvi_multiobjective,12,bo_shared_initial,COMPLETED,true,3113.664716,26.242,3113.664716,26.242,42837.799162728,36
1418705027,bo_qlognehvi_multiobjective,13,bo_qlognehvi_multiobjective,COMPLETED,true,3067.571824,25.994,3113.664716,25.994,43598.556975080006,39
1418705027,bo_qlognehvi_multiobjective,14,bo_qlognehvi_multiobjective,COMPLETED,true,3080.165723,26.406,3113.664716,25.994,43598.556975080006,48
1418705027,bo_qlognehvi_multiobjective,15,bo_qlognehvi_multiobjective,COMPLETED,true,2996.040307,26.937,3113.664716,25.994,43598.556975080006,52
1418705027,bo_qlognehvi_multiobjective,16,bo_qlognehvi_multiobjective,COMPLETED,true,3056.360816,25.949,3113.664716,25.949,43736.0932118,54
1418705027,bo_qlognehvi_multiobjective,17,bo_qlognehvi_multiobjective,COMPLETED,true,3044.895085,26.334,3113.664716,25.949,43736.0932118,60
1418705027,bo_qlognehvi_multiobjective,18,bo_qlognehvi_multiobjective,COMPLETED,true,3048.993915,27.12875,3113.664716,25.949,43736.0932118,68
1418705027,bo_qlognehvi_multiobjective,19,bo_qlognehvi_multiobjective,COMPLETED,true,3029.991642,26.376570000000065,3113.664716,25.949,43736.0932118,70
1418705027,bo_qlognehvi_multiobjective,20,bo_qlognehvi_multiobjective,COMPLETED,true,3048.047841,26.243,3113.664716,25.949,43736.0932118,78
1418705027,bo_qlognehvi_multiobjective,21,bo_qlognehvi_multiobjective,COMPLETED,true,3062.290624,26.068389999999898,3113.664716,25.949,43736.0932118,80
1418705027,bo_qlognehvi_multiobjective,22,bo_qlognehvi_multiobjective,COMPLETED,true,3050.280815,25.74,3113.664716,25.74,44373.60190213501,87
1418705027,bo_qlognehvi_multiobjective,23,bo_qlognehvi_multiobjective,COMPLETED,true,3036.623975,26.425,3113.664716,25.74,44373.60190213501,91
1418705027,bo_qlognehvi_multiobjective,24,bo_qlognehvi_multiobjective,COMPLETED,true,3005.667103,28.28852000000002,3113.664716,25.74,44373.60190213501,96
1418705027,bo_qlognehvi_multiobjective,25,bo_qlognehvi_multiobjective,COMPLETED,true,3006.428276,27.321,3113.664716,25.74,44373.60190213501,101
1418705027,bo_qlognehvi_multiobjective,26,bo_qlognehvi_multiobjective,COMPLETED,true,2989.951473,26.846199999999953,3113.664716,25.74,44373.60190213501,107
1418705027,bo_qlognehvi_multiobjective,27,bo_qlognehvi_multiobjective,COMPLETED,true,2567.590682,31.129,3113.664716,25.74,44373.60190213501,114
1418705027,bo_qlognehvi_multiobjective,28,bo_qlognehvi_multiobjective,COMPLETED,true,2709.873884,32.23823999999999,3113.664716,25.74,44373.60190213501,118
1418705027,bo_qlognehvi_multiobjective,29,bo_qlognehvi_multiobjective,COMPLETED,true,3018.427181,26.012,3113.664716,25.74,44373.60190213501,122
1418705027,bo_qlognehvi_multiobjective,30,bo_qlognehvi_multiobjective,COMPLETED,true,3023.032361,25.94,3113.664716,25.74,44373.60190213501,129
1902413987,random,1,random,COMPLETED,true,2662.365935,33.51002000000002,2662.365935,33.51002000000002,17278.701670831248,2
1902413987,random,2,random,COMPLETED,true,2728.710354,29.588,2728.710354,29.588,28411.332205847997,6
1902413987,random,3,random,COMPLETED,true,2661.199412,29.743919999999925,2728.710354,29.588,28411.332205847997,8
1902413987,random,4,random,COMPLETED,true,2871.302682,29.103,2871.302682,29.103,31288.585325753997,12
1902413987,random,5,random,COMPLETED,true,2473.588987,31.138,2871.302682,29.103,31288.585325753997,16
1902413987,random,6,random,COMPLETED,true,2447.998408,37.58055999999959,2871.302682,29.103,31288.585325753997,19
1902413987,random,7,random,COMPLETED,true,2427.006963,33.08,2871.302682,29.103,31288.585325753997,21
1902413987,random,8,random,COMPLETED,true,2493.665159,33.65,2871.302682,29.103,31288.585325753997,24
1902413987,random,9,random,COMPLETED,true,2433.489895,34.56364999999991,2871.302682,29.103,31288.585325753997,27
1902413987,random,10,random,COMPLETED,true,2456.146243,34.94525999999978,2871.302682,29.103,31288.585325753997,29
1902413987,random,11,random,COMPLETED,true,2393.354415,32.585,2871.302682,29.103,31288.585325753997,32
1902413987,random,12,random,COMPLETED,true,2864.958126,29.364,2871.302682,29.103,31288.585325753997,38
1902413987,random,13,random,COMPLETED,true,2877.269758,28.528,2877.269758,28.528,33008.038663776,39
1902413987,random,14,random,COMPLETED,true,2431.408841,34.768,2877.269758,28.528,33008.038663776,47
1902413987,random,15,random,COMPLETED,true,2606.808817,28.84,2877.269758,28.528,33008.038663776,49
1902413987,random,16,random,COMPLETED,true,2532.137656,29.384,2877.269758,28.528,33008.038663776,57
1902413987,random,17,random,COMPLETED,true,2607.202037,32.513340000000085,2877.269758,28.528,33008.038663776,60
1902413987,random,18,random,COMPLETED,true,2583.00337,28.437239999999992,2877.269758,28.437239999999992,33242.47204963722,64
1902413987,random,19,random,COMPLETED,true,2532.837729,33.66341999999969,2877.269758,28.437239999999992,33242.47204963722,71
1902413987,random,20,random,COMPLETED,true,2596.238926,28.509,2877.269758,28.437239999999992,33242.72352520122,75
1902413987,random,21,random,COMPLETED,true,2735.329256,29.062,2877.269758,28.437239999999992,33242.72352520122,80
1902413987,random,22,random,COMPLETED,true,2530.200396,29.368919999999925,2877.269758,28.437239999999992,33242.72352520122,85
1902413987,random,23,random,COMPLETED,true,3015.156026,26.767,3015.156026,26.767,39899.55969205801,90
1902413987,random,24,random,COMPLETED,true,2403.588066,32.50179999999982,3015.156026,26.767,39899.55969205801,96
1902413987,random,25,random,COMPLETED,true,2590.153416,31.437159999999917,3015.156026,26.767,39899.55969205801,101
1902413987,random,26,random,COMPLETED,true,2525.686683,28.792,3015.156026,26.767,39899.55969205801,109
1902413987,random,27,random,COMPLETED,true,2460.158943,33.09,3015.156026,26.767,39899.55969205801,115
1902413987,random,28,random,COMPLETED,true,2474.598372,35.94535000000009,3015.156026,26.767,39899.55969205801,118
1902413987,random,29,random,COMPLETED,true,2453.657106,37.407810000000055,3015.156026,26.767,39899.55969205801,125
1902413987,random,30,random,COMPLETED,true,2523.015768,36.846,3015.156026,26.767,39899.55969205801,128
1902413987,sobol,1,sobol,COMPLETED,true,2586.048494,29.259,2586.048494,29.259,27776.746874054,4
1902413987,sobol,2,sobol,COMPLETED,true,2539.792508,32.332,2586.048494,29.259,27776.746874054,7
1902413987,sobol,3,sobol,COMPLETED,true,2980.915035,27.043,2980.915035,27.043,38623.716108495,9
1902413987,sobol,4,sobol,COMPLETED,true,2539.760181,32.918619999999876,2980.915035,27.043,38623.716108495,11
1902413987,sobol,5,sobol,COMPLETED,true,2450.15894,32.47066999999969,2980.915035,27.043,38623.716108495,15
1902413987,sobol,6,sobol,COMPLETED,true,2866.994661,28.001,2980.915035,27.043,38623.716108495,17
1902413987,sobol,7,sobol,COMPLETED,true,2855.924498,29.339,2980.915035,27.043,38623.716108495,22
1902413987,sobol,8,sobol,COMPLETED,true,2474.575393,37.82617999999994,2980.915035,27.043,38623.716108495,25
1902413987,sobol,9,sobol,COMPLETED,true,2467.700428,35.964720000000206,2980.915035,27.043,38623.716108495,28
1902413987,sobol,10,sobol,COMPLETED,true,2885.620784,28.518,2980.915035,27.043,38623.716108495,31
1902413987,sobol,11,sobol,COMPLETED,true,2475.443527,33.586,2980.915035,27.043,38623.716108495,35
1902413987,sobol,12,sobol,COMPLETED,true,2445.944289,31.678,2980.915035,27.043,38623.716108495,37
1902413987,sobol,13,sobol,COMPLETED,true,2494.060524,36.688040000000036,2980.915035,27.043,38623.716108495,40
1902413987,sobol,14,sobol,COMPLETED,true,2925.874723,28.03,2980.915035,27.043,38623.716108495,44
1902413987,sobol,15,sobol,COMPLETED,true,2613.040072,29.927,2980.915035,27.043,38623.716108495,53
1902413987,sobol,16,sobol,COMPLETED,true,2549.426313,30.781,2980.915035,27.043,38623.716108495,58
1902413987,sobol,17,sobol,COMPLETED,true,2988.308796,29.417,2988.308796,27.043,38701.964281158,61
1902413987,sobol,18,sobol,COMPLETED,true,2504.184729,33.037,2988.308796,27.043,38701.964281158,65
1902413987,sobol,19,sobol,COMPLETED,true,2485.769367,30.005,2988.308796,27.043,38701.964281158,70
1902413987,sobol,20,sobol,COMPLETED,true,2728.02597,32.448129999999885,2988.308796,27.043,38701.964281158,79
1902413987,sobol,21,sobol,COMPLETED,true,2969.402628,28.515,2988.308796,27.043,38701.964281158,83
1902413987,sobol,22,sobol,COMPLETED,true,2598.205786,28.55,2988.308796,27.043,38701.964281158,87
1902413987,sobol,23,sobol,COMPLETED,true,2553.289383,29.255889999999898,2988.308796,27.043,38701.964281158,93
1902413987,sobol,24,sobol,COMPLETED,true,2586.391043,35.933300000000045,2988.308796,27.043,38701.964281158,97
1902413987,sobol,25,sobol,COMPLETED,true,2823.525164,34.92,2988.308796,27.043,38701.964281158,104
1902413987,sobol,26,sobol,COMPLETED,true,2494.931444,29.320819999999834,2988.308796,27.043,38701.964281158,106
1902413987,sobol,27,sobol,COMPLETED,true,2546.14653,28.364570000000064,2988.308796,27.043,38701.964281158,112
1902413987,sobol,28,sobol,COMPLETED,true,3006.910577,26.754,3006.910577,26.754,39829.537502941996,117
1902413987,sobol,29,sobol,COMPLETED,true,2697.398784,32.785,3006.910577,26.754,39829.537502941996,124
1902413987,sobol,30,sobol,COMPLETED,true,2191.476773,46.185159999999215,3006.910577,26.754,39829.537502941996,126
1902413987,bo_qlognei_throughput,1,bo_shared_initial,COMPLETED,true,2582.522652,28.881,2582.522652,28.881,28715.069367588,3
1902413987,bo_qlognei_throughput,2,bo_shared_initial,COMPLETED,true,2875.904726,28.298560000000055,2875.904726,28.298560000000055,33652.22659700528,5
1902413987,bo_qlognei_throughput,3,bo_shared_initial,COMPLETED,true,2709.373414,28.719,2875.904726,28.298560000000055,33652.22659700528,10
1902413987,bo_qlognei_throughput,4,bo_shared_initial,COMPLETED,true,2518.182297,37.549,2875.904726,28.298560000000055,33652.22659700528,13
1902413987,bo_qlognei_throughput,5,bo_shared_initial,COMPLETED,true,2510.476607,37.43,2875.904726,28.298560000000055,33652.22659700528,14
1902413987,bo_qlognei_throughput,6,bo_shared_initial,COMPLETED,true,2987.661102,27.62,2987.661102,27.62,36987.24444276,18
1902413987,bo_qlognei_throughput,7,bo_shared_initial,COMPLETED,true,2463.690476,33.706919999999926,2987.661102,27.62,36987.24444276,20
1902413987,bo_qlognei_throughput,8,bo_shared_initial,COMPLETED,true,2468.755884,33.699,2987.661102,27.62,36987.24444276,23
1902413987,bo_qlognei_throughput,9,bo_shared_initial,COMPLETED,true,2460.852315,35.528189999999945,2987.661102,27.62,36987.24444276,26
1902413987,bo_qlognei_throughput,10,bo_shared_initial,COMPLETED,true,2702.439834,30.16112999999989,2987.661102,27.62,36987.24444276,30
1902413987,bo_qlognei_throughput,11,bo_shared_initial,COMPLETED,true,2920.759972,28.042919999999924,2987.661102,27.62,36987.24444276,33
1902413987,bo_qlognei_throughput,12,bo_shared_initial,COMPLETED,true,2500.085076,32.902,2987.661102,27.62,36987.24444276,36
1902413987,bo_qlognei_throughput,13,bo_qlognei_throughput,COMPLETED,true,2853.969617,30.799779999999796,2987.661102,27.62,36987.24444276,42
1902413987,bo_qlognei_throughput,14,bo_qlognei_throughput,COMPLETED,true,2936.905744,27.291,2987.661102,27.291,37953.486432536,45
1902413987,bo_qlognei_throughput,15,bo_qlognei_throughput,COMPLETED,true,2961.543976,27.53936999999988,2987.661102,27.291,37955.47301318216,50
1902413987,bo_qlognei_throughput,16,bo_qlognei_throughput,COMPLETED,true,2853.41272,30.094,2987.661102,27.291,37955.47301318216,56
1902413987,bo_qlognei_throughput,17,bo_qlognei_throughput,COMPLETED,true,2953.875184,27.209040000000037,2987.661102,27.209040000000037,38201.78732307549,63
1902413987,bo_qlognei_throughput,18,bo_qlognei_throughput,COMPLETED,true,2948.431181,27.216,2987.661102,27.209040000000037,38201.78732307549,67
1902413987,bo_qlognei_throughput,19,bo_qlognei_throughput,COMPLETED,true,2918.570792,27.763,2987.661102,27.209040000000037,38201.78732307549,73
1902413987,bo_qlognei_throughput,20,bo_qlognei_throughput,COMPLETED,true,3004.851856,26.384600000000095,3004.851856,26.384600000000095,40912.25996018212,78
1902413987,bo_qlognei_throughput,21,bo_qlognei_throughput,COMPLETED,true,3038.29712,28.728,3038.29712,26.384600000000095,41289.25497599012,84
1902413987,bo_qlognei_throughput,22,bo_qlognei_throughput,COMPLETED,true,3024.62286,28.299,3038.29712,26.384600000000095,41297.73673670612,86
1902413987,bo_qlognei_throughput,23,bo_qlognei_throughput,COMPLETED,true,3034.895093,26.122350000000093,3038.29712,26.122350000000093,42155.559535715176,91
1902413987,bo_qlognei_throughput,24,bo_qlognei_throughput,COMPLETED,true,3068.222454,26.241629999999887,3068.222454,26.122350000000093,42575.742051132744,100
1902413987,bo_qlognei_throughput,25,bo_qlognei_throughput,COMPLETED,true,3046.853769,26.608,3068.222454,26.122350000000093,42575.742051132744,102
1902413987,bo_qlognei_throughput,26,bo_qlognei_throughput,COMPLETED,true,3030.479587,26.073,3068.222454,26.073,42725.29621875148,108
1902413987,bo_qlognei_throughput,27,bo_qlognei_throughput,COMPLETED,true,3002.439037,27.627,3068.222454,26.073,42725.29621875148,114
1902413987,bo_qlognei_throughput,28,bo_qlognei_throughput,COMPLETED,true,3018.887591,27.228189999999945,3068.222454,26.073,42725.29621875148,116
1902413987,bo_qlognei_throughput,29,bo_qlognei_throughput,COMPLETED,true,3036.159214,25.557280000000027,3068.222454,25.557280000000027,44291.5353225408,123
1902413987,bo_qlognei_throughput,30,bo_qlognei_throughput,COMPLETED,true,2999.128547,26.204,3068.222454,25.557280000000027,44291.5353225408,129
1902413987,bo_qlognparego_multiobjective,1,bo_shared_initial,COMPLETED,true,2582.522652,28.881,2582.522652,28.881,28715.069367588,3
1902413987,bo_qlognparego_multiobjective,2,bo_shared_initial,COMPLETED,true,2875.904726,28.298560000000055,2875.904726,28.298560000000055,33652.22659700528,5
1902413987,bo_qlognparego_multiobjective,3,bo_shared_initial,COMPLETED,true,2709.373414,28.719,2875.904726,28.298560000000055,33652.22659700528,10
1902413987,bo_qlognparego_multiobjective,4,bo_shared_initial,COMPLETED,true,2518.182297,37.549,2875.904726,28.298560000000055,33652.22659700528,13
1902413987,bo_qlognparego_multiobjective,5,bo_shared_initial,COMPLETED,true,2510.476607,37.43,2875.904726,28.298560000000055,33652.22659700528,14
1902413987,bo_qlognparego_multiobjective,6,bo_shared_initial,COMPLETED,true,2987.661102,27.62,2987.661102,27.62,36987.24444276,18
1902413987,bo_qlognparego_multiobjective,7,bo_shared_initial,COMPLETED,true,2463.690476,33.706919999999926,2987.661102,27.62,36987.24444276,20
1902413987,bo_qlognparego_multiobjective,8,bo_shared_initial,COMPLETED,true,2468.755884,33.699,2987.661102,27.62,36987.24444276,23
1902413987,bo_qlognparego_multiobjective,9,bo_shared_initial,COMPLETED,true,2460.852315,35.528189999999945,2987.661102,27.62,36987.24444276,26
1902413987,bo_qlognparego_multiobjective,10,bo_shared_initial,COMPLETED,true,2702.439834,30.16112999999989,2987.661102,27.62,36987.24444276,30
1902413987,bo_qlognparego_multiobjective,11,bo_shared_initial,COMPLETED,true,2920.759972,28.042919999999924,2987.661102,27.62,36987.24444276,33
1902413987,bo_qlognparego_multiobjective,12,bo_shared_initial,COMPLETED,true,2500.085076,32.902,2987.661102,27.62,36987.24444276,36
1902413987,bo_qlognparego_multiobjective,13,bo_qlognparego_multiobjective,COMPLETED,true,2964.701984,27.276040000000037,2987.661102,27.276040000000037,38006.98333717653,41
1902413987,bo_qlognparego_multiobjective,14,bo_qlognparego_multiobjective,COMPLETED,true,2878.326586,30.276120000000112,2987.661102,27.276040000000037,38006.98333717653,46
1902413987,bo_qlognparego_multiobjective,15,bo_qlognparego_multiobjective,COMPLETED,true,2890.329598,29.502040000000036,2987.661102,27.276040000000037,38006.98333717653,52
1902413987,bo_qlognparego_multiobjective,16,bo_qlognparego_multiobjective,COMPLETED,true,2952.49989,26.766,2987.661102,26.766,39512.876381072245,54
1902413987,bo_qlognparego_multiobjective,17,bo_qlognparego_multiobjective,COMPLETED,true,2853.999689,27.874679999999934,2987.661102,26.766,39512.876381072245,59
1902413987,bo_qlognparego_multiobjective,18,bo_qlognparego_multiobjective,COMPLETED,true,2946.859113,26.926540000000035,2987.661102,26.766,39512.876381072245,68
1902413987,bo_qlognparego_multiobjective,19,bo_qlognparego_multiobjective,COMPLETED,true,2984.894516,26.682,2987.661102,26.682,39787.075498768005,74
1902413987,bo_qlognparego_multiobjective,20,bo_qlognparego_multiobjective,COMPLETED,true,3052.929719,26.68,3052.929719,26.68,40665.02385708001,77
1902413987,bo_qlognparego_multiobjective,21,bo_qlognparego_multiobjective,COMPLETED,true,2978.724064,28.84375,3052.929719,26.68,40665.02385708001,81
1902413987,bo_qlognparego_multiobjective,22,bo_qlognparego_multiobjective,COMPLETED,true,3061.725847,26.031,3061.725847,26.031,42769.248356743,89
1902413987,bo_qlognparego_multiobjective,23,bo_qlognparego_multiobjective,COMPLETED,true,2991.779553,26.189,3061.725847,26.031,42769.248356743,92
1902413987,bo_qlognparego_multiobjective,24,bo_qlognparego_multiobjective,COMPLETED,true,3038.604173,27.054,3061.725847,26.031,42769.248356743,98
1902413987,bo_qlognparego_multiobjective,25,bo_qlognparego_multiobjective,COMPLETED,true,2952.44048,27.438,3061.725847,26.031,42769.248356743,103
1902413987,bo_qlognparego_multiobjective,26,bo_qlognparego_multiobjective,COMPLETED,true,3053.800435,27.322,3061.725847,26.031,42769.248356743,107
1902413987,bo_qlognparego_multiobjective,27,bo_qlognparego_multiobjective,COMPLETED,true,3048.475746,26.995,3061.725847,26.031,42769.248356743,113
1902413987,bo_qlognparego_multiobjective,28,bo_qlognparego_multiobjective,COMPLETED,true,2993.463728,26.834,3061.725847,26.031,42769.248356743,120
1902413987,bo_qlognparego_multiobjective,29,bo_qlognparego_multiobjective,COMPLETED,true,3031.300445,26.705290000000037,3061.725847,26.031,42769.248356743,122
1902413987,bo_qlognparego_multiobjective,30,bo_qlognparego_multiobjective,COMPLETED,true,2968.652057,27.64810999999987,3061.725847,26.031,42769.248356743,127
1902413987,bo_qlognehvi_multiobjective,1,bo_shared_initial,COMPLETED,true,2582.522652,28.881,2582.522652,28.881,28715.069367588,3
1902413987,bo_qlognehvi_multiobjective,2,bo_shared_initial,COMPLETED,true,2875.904726,28.298560000000055,2875.904726,28.298560000000055,33652.22659700528,5
1902413987,bo_qlognehvi_multiobjective,3,bo_shared_initial,COMPLETED,true,2709.373414,28.719,2875.904726,28.298560000000055,33652.22659700528,10
1902413987,bo_qlognehvi_multiobjective,4,bo_shared_initial,COMPLETED,true,2518.182297,37.549,2875.904726,28.298560000000055,33652.22659700528,13
1902413987,bo_qlognehvi_multiobjective,5,bo_shared_initial,COMPLETED,true,2510.476607,37.43,2875.904726,28.298560000000055,33652.22659700528,14
1902413987,bo_qlognehvi_multiobjective,6,bo_shared_initial,COMPLETED,true,2987.661102,27.62,2987.661102,27.62,36987.24444276,18
1902413987,bo_qlognehvi_multiobjective,7,bo_shared_initial,COMPLETED,true,2463.690476,33.706919999999926,2987.661102,27.62,36987.24444276,20
1902413987,bo_qlognehvi_multiobjective,8,bo_shared_initial,COMPLETED,true,2468.755884,33.699,2987.661102,27.62,36987.24444276,23
1902413987,bo_qlognehvi_multiobjective,9,bo_shared_initial,COMPLETED,true,2460.852315,35.528189999999945,2987.661102,27.62,36987.24444276,26
1902413987,bo_qlognehvi_multiobjective,10,bo_shared_initial,COMPLETED,true,2702.439834,30.16112999999989,2987.661102,27.62,36987.24444276,30
1902413987,bo_qlognehvi_multiobjective,11,bo_shared_initial,COMPLETED,true,2920.759972,28.042919999999924,2987.661102,27.62,36987.24444276,33
1902413987,bo_qlognehvi_multiobjective,12,bo_shared_initial,COMPLETED,true,2500.085076,32.902,2987.661102,27.62,36987.24444276,36
1902413987,bo_qlognehvi_multiobjective,13,bo_qlognehvi_multiobjective,COMPLETED,true,2928.082343,28.161,2987.661102,27.62,36987.24444276,43
1902413987,bo_qlognehvi_multiobjective,14,bo_qlognehvi_multiobjective,COMPLETED,true,2855.263823,29.191209999999963,2987.661102,27.62,36987.24444276,48
1902413987,bo_qlognehvi_multiobjective,15,bo_qlognehvi_multiobjective,COMPLETED,true,2869.212648,28.522,2987.661102,27.62,36987.24444276,51
1902413987,bo_qlognehvi_multiobjective,16,bo_qlognehvi_multiobjective,COMPLETED,true,2884.658537,29.48973999999999,2987.661102,27.62,36987.24444276,55
1902413987,bo_qlognehvi_multiobjective,17,bo_qlognehvi_multiobjective,COMPLETED,true,2532.023317,29.357,2987.661102,27.62,36987.24444276,62
1902413987,bo_qlognehvi_multiobjective,18,bo_qlognehvi_multiobjective,COMPLETED,true,2944.915566,27.544,2987.661102,27.544,37211.058025776,69
1902413987,bo_qlognehvi_multiobjective,19,bo_qlognehvi_multiobjective,COMPLETED,true,2947.441705,28.776,2987.661102,27.544,37211.058025776,72
1902413987,bo_qlognehvi_multiobjective,20,bo_qlognehvi_multiobjective,COMPLETED,true,2983.725966,26.829,2987.661102,26.829,39347.371681866,76
1902413987,bo_qlognehvi_multiobjective,21,bo_qlognehvi_multiobjective,COMPLETED,true,2959.181046,27.927,2987.661102,26.829,39347.371681866,82
1902413987,bo_qlognehvi_multiobjective,22,bo_qlognehvi_multiobjective,COMPLETED,true,2780.450712,32.593,2987.661102,26.829,39347.371681866,88
1902413987,bo_qlognehvi_multiobjective,23,bo_qlognehvi_multiobjective,COMPLETED,true,3033.150148,27.791,3033.150148,26.829,39902.74744448,94
1902413987,bo_qlognehvi_multiobjective,24,bo_qlognehvi_multiobjective,COMPLETED,true,3015.76415,28.496,3033.150148,26.829,39902.74744448,95
1902413987,bo_qlognehvi_multiobjective,25,bo_qlognehvi_multiobjective,COMPLETED,true,2893.342229,30.145399999999906,3033.150148,26.829,39902.74744448,105
1902413987,bo_qlognehvi_multiobjective,26,bo_qlognehvi_multiobjective,COMPLETED,true,2907.406057,29.483629999999888,3033.150148,26.829,39902.74744448,110
1902413987,bo_qlognehvi_multiobjective,27,bo_qlognehvi_multiobjective,COMPLETED,true,3032.764563,27.546,3033.150148,26.829,39914.08899248901,111
1902413987,bo_qlognehvi_multiobjective,28,bo_qlognehvi_multiobjective,COMPLETED,true,2756.31222,29.143560000000054,3033.150148,26.829,39914.08899248901,119
1902413987,bo_qlognehvi_multiobjective,29,bo_qlognehvi_multiobjective,COMPLETED,true,2604.412229,35.56579999999982,3033.150148,26.829,39914.08899248901,121
1902413987,bo_qlognehvi_multiobjective,30,bo_qlognehvi_multiobjective,COMPLETED,true,2967.877652,28.317,3033.150148,26.829,39914.08899248901,130
